id,name,age,occupation,gender,annual_income,region,persona,personal_score,saving_goal_text,target_max_spending_amount
1,조한별,20,119 구조대원,Female,27200000,서울 서울-동대문구,"조한별 씨는 현장의 긴박함을 다루는 냉철한 119 구조대원이면서, 동시에 성수동 팝업 스토어와 숏폼 콘텐츠를 즐기는 트렌디한 20세 Z세대 여성입니다. 주요 강점은 심폐소생술 및 자동심장충격기 운용, 응급 환자 분류 및 현장 처치이며, 일상 관심사는 퍼스널 컬러 기반 메이크업, 성수동 팝업 스토어 투어, 범죄 심리 팟캐스트 청취입니다. 가족·주거 형태는 비친족 동거, 아파트이며, 현장에서 다양한 케이스를 경험하며 특수 구조 분야의 숙련된 전문가로 인정받고 싶어 하며, 동료들이 위급 상황에서 가장 먼저 찾는 믿음직한 선임 구조대원이 되려 합니다.",0,"비상금과 커리어 전환 자금 마련: 서울 서울-동대문구 거주, 119 구조대원 생활 패턴을 기준으로 1인 생활비와 자기계발비 통제, 월 고정 주거비 관리, 취미/관심사(퍼스널 컬러 기반 메이크업) 지출을 조절하고 강점(심폐소생술 및 자동심장충격기 운용)을 활용해 월별 저축 루틴을 유지하기",1560000
2,장규범,50,대형 화물차 운전원,Male,41300000,전북 전북-부안군,"장규범 씨는 부안의 정서를 품고 전국의 길을 꿰고 있는 숙련된 화물차 운전원으로, 가족과 지역 사회에 대한 애착이 강한 50대 가장입니다. 주요 강점은 대형 화물차 장거리 운행, 위험물 운송 안전 관리이며, 일상 관심사는 지역 배드민턴 동호회 활동, 동네 사우나 이용, 변산반도 해안가 풍경 감상입니다. 가족·주거 형태는 배우자·자녀와 거주, 단독주택이며, 소유한 단독주택의 마당을 조금씩 가꾸며, 운전 경력을 살려 지역 내 운송 네트워크를 연결하는 작은 소일거리를 찾는 것을 계획하고 있습니다.",0,"은퇴 전 현금흐름 정리와 건강 지출 대비: 전북 전북-부안군 거주, 대형 화물차 운전원 생활 패턴을 기준으로 자녀 관련 지출 계획화, 주거비 안정화, 취미/관심사(지역 배드민턴 동호회 활동) 지출을 조절하고 강점(대형 화물차 장거리 운행)을 활용해 월별 저축 루틴을 유지하기",2030000
3,이정익,57,그 외 일반 영업원,Male,51800000,경기 경기-남양주시,"이정익 씨는 남양주 다산동의 변화를 함께한 베테랑 유통 영업직이자, 가족의 안녕과 소소한 휴식을 최우선으로 여기는 사교적인 중년 남성입니다. 주요 강점은 상대 성향 맞춤형 설득 및 협상, 도매 유통망 최적화 경로 분석이며, 일상 관심사는 가평 및 양평 인근 숲속 캠핑, 남양주 지역 단골 사우나 방문, 프로야구 TV 중계 시청입니다. 가족·주거 형태는 배우자·자녀와 거주, 아파트이며, 사업의 무리한 확장보다는 기존의 단골 거래처를 내실 있게 관리하며 업무 강도를 서서히 낮추는 완만한 은퇴 설계를 준비하고 있습니다.",0,"은퇴 전 현금흐름 정리와 건강 지출 대비: 경기 경기-남양주시 거주, 그 외 일반 영업원 생활 패턴을 기준으로 자녀 관련 지출 계획화, 월 고정 주거비 관리, 취미/관심사(가평 및 양평 인근 숲속 캠핑) 지출을 조절하고 강점(상대 성향 맞춤형 설득 및 협상)을 활용해 월별 저축 루틴을 유지하기",2550000
4,강상현,56,해병대 장교,Male,57400000,서울 서울-광진구,"강상현 씨는 강인한 해병대 장교의 책임감과 광진구 주민으로서의 유연함을 동시에 지닌, 가족과 소소한 일상을 사랑하는 50대 가장입니다. 주요 강점은 실전 중심의 부대 운영 및 병력 배치, 위기 상황에서의 신속한 의사결정이며, 일상 관심사는 아차산 산책로 걷기, 동네 베이커리 투어, 지인들과의 가벼운 반주와 담소입니다. 가족·주거 형태는 배우자·자녀와 거주, 다세대주택이며, 남은 군 생활을 명예롭게 마무리하는 것에 집중하며, 전역 후에는 그동안 쌓아온 관리 경험을 살려 지역 사회의 안전 관리나 행정 관련 자문 역할을 맡아 소소하게 활동하고 싶어 합니다.",0,"은퇴 전 현금흐름 정리와 건강 지출 대비: 서울 서울-광진구 거주, 해병대 장교 생활 패턴을 기준으로 자녀 관련 지출 계획화, 월 고정 주거비 관리, 취미/관심사(아차산 산책로 걷기) 지출을 조절하고 강점(실전 중심의 부대 운영 및 병력 배치)을 활용해 월별 저축 루틴을 유지하기",2820000
5,오명순,47,요양 보호사,Female,33400000,광주 광주-북구,"오명순 씨는 광주 북구에서 성실하게 요양보호사로 일하며, 가족의 안식처와 자신의 건강을 위해 묵묵히 하루를 일궈가는 따뜻하고 현실적인 여성입니다. 주요 강점은 치매 어르신 행동 심리 케어, 거동 불편자 이동 보조이며, 일상 관심사는 임영웅 노래 감상, 무등산 둘레길 산책, 동네 친구들과의 수다입니다. 가족·주거 형태는 배우자·자녀와 거주, 아파트이며, 현재의 일터에서 동료들에게 신뢰받는 베테랑 요양보호사로 남고 싶어 하며, 차근차근 저축해 전세금을 올려 지금보다 더 안정적인 주거 환경을 마련하는 것에 집중하고 있습니다.",0,"가족 생활비와 노후 준비의 균형 확보: 광주 광주-북구 거주, 요양 보호사 생활 패턴을 기준으로 자녀 관련 지출 계획화, 월 고정 주거비 관리, 취미/관심사(임영웅 노래 감상) 지출을 조절하고 강점(치매 어르신 행동 심리 케어)을 활용해 월별 저축 루틴을 유지하기",1730000
6,이하윤,37,경리 사무원,Female,45900000,서울 서울-강북구,"이하윤 씨는 서울 강북구 수유동에서 부모님과 함께 살며 꼼꼼한 업무 처리 능력으로 신뢰받는 37세 경리 사무원입니다. 주요 강점은 엑셀 함수를 활용한 효율적인 장부 정리, 세금계산서 및 증빙 서류의 정밀한 검토이며, 일상 관심사는 넷플릭스로 즐기는 밀도 높은 범죄 스릴러 드라마 시청, 친한 친구들과 함께 떠나는 정기적인 온천 및 스파 여행, 미술관에서 도슨트 설명을 들으며 천천히 작품 관람하기입니다. 가족·주거 형태는 부모와 동거, 다세대주택이며, 갑작스러운 승진이나 화려한 성공보다는, 지금의 직장에서 누구도 대체할 수 없는 실무의 핵심 인력으로 인정받으며 정년까지 평온하게 근무하는 안정적인 삶을 지향합니다.",0,"주거 안정과 중기 목돈 마련: 서울 서울-강북구 거주, 경리 사무원 생활 패턴을 기준으로 부모님 부양 비용 관리, 월 고정 주거비 관리, 취미/관심사(넷플릭스로 즐기는 밀도 높은 범죄 스릴러 드라마 시청) 지출을 조절하고 강점(엑셀 함수를 활용한 효율적인 장부 정리)을 활용해 월별 저축 루틴을 유지하기",2520000
7,김지화,39,"전직 자동차 부품 기술 영업원, 현재 구직중",Female,0,강원 강원-강릉시,"김지화 씨는 철저한 계획성과 사회적 활발함 뒤에 깊은 불안을 숨긴 채, 강릉에서 새로운 도약을 꿈꾸는 전직 기술 영업 전문가입니다. 주요 강점은 자동차 부품 도면 해석 및 기술 제안, B2B 납품 계약서 법적 리스크 검토이며, 일상 관심사는 안목해변 카페 거리에서 음악 감상, 넷플릭스 최신 스릴러 시리즈 정주행, 동네 사우나 온탕에서 멍 때리기입니다. 가족·주거 형태는 배우자·자녀와 거주, 아파트이며, 전 직장에서 겪은 극심한 긴장감과 스트레스를 뒤로하고, 강릉 지역 내 기업에서 자신의 전문성을 발휘하며 일과 가정의 균형을 찾고자 합니다.",0,"주거 안정과 중기 목돈 마련: 강원 강원-강릉시 거주, 전직 자동차 부품 기술 영업원, 현재 구직중 생활 패턴을 기준으로 자녀 관련 지출 계획화, 월 고정 주거비 관리, 취미/관심사(안목해변 카페 거리에서 음악 감상) 지출을 조절하고 강점(자동차 부품 도면 해석 및 기술 제안)을 활용해 월별 저축 루틴을 유지하기",500000
8,박경미,58,하역 및 적재 관련 단순 종사원,Female,21600000,충청남 충청남-아산시,"박경미 씨는 아산 물류 현장의 베테랑 하역원으로서 삶의 굴곡을 강단 있게 이겨내고, 트로트와 퍼즐로 일상의 여유를 찾는 실속 있는 중년 여성입니다. 주요 강점은 물류 적재 효율 최적화, 현장 인력 갈등 중재이며, 일상 관심사는 1000피스 풍경 퍼즐 맞추기, 온양온천 인근 맛집 탐방, 트로트 노래방입니다. 가족·주거 형태는 배우자와 거주, 아파트이며, 지금처럼 안정적인 소득을 유지하며 건강하게 현장을 지키는 것에 만족합니다.",0,"은퇴 전 현금흐름 정리와 건강 지출 대비: 충청남 충청남-아산시 거주, 하역 및 적재 관련 단순 종사원 생활 패턴을 기준으로 가족 공동 지출 관리, 월 고정 주거비 관리, 취미/관심사(1000피스 풍경 퍼즐 맞추기) 지출을 조절하고 강점(물류 적재 효율 최적화)을 활용해 월별 저축 루틴을 유지하기",1010000
9,문준승,37,시설 경비원,Male,36100000,서울 서울-노원구,"문준승 씨는 넉살 좋은 성격으로 복합문화공간을 지키는 경비원이자, 내 집 마련의 꿈을 품고 가족을 위해 헌신하며 소소한 예술적 동경을 간직한 30대 가장입니다. 주요 강점은 다양한 성향의 이용자 민원 조율, 시설 안전 점검 및 취약 구역 관리이며, 일상 관심사는 상계동 배드민턴 동호회 활동, 동네 유명 빵집 소금빵 투어, 코인 노래방에서 발라드 부르기입니다. 가족·주거 형태는 배우자·자녀와 거주, 아파트이며, 가끔은 자신이 지키는 공간의 예술적 분위기에 동경을 느끼며 소소한 취미 활동을 전문적으로 배워보고 싶다는 생각도 합니다.",0,"주거 안정과 중기 목돈 마련: 서울 서울-노원구 거주, 시설 경비원 생활 패턴을 기준으로 자녀 관련 지출 계획화, 월 고정 주거비 관리, 취미/관심사(상계동 배드민턴 동호회 활동) 지출을 조절하고 강점(다양한 성향의 이용자 민원 조율)을 활용해 월별 저축 루틴을 유지하기",1960000
10,국석규,39,단말기 및 통신 서비스 판매원,Male,48400000,서울 서울-광진구,"국석규 씨는 구의동의 정취가 묻어나는 단독주택에서 살며, 신뢰받는 통신 판매원으로 일하며 소박한 일상의 균형을 지켜가는 39세 남성입니다. 주요 강점은 통신 요금제 최적화 설계, 최신 스마트 기기 기능 가이드이며, 일상 관심사는 한강변 조깅, 정유정 소설 읽기, 지역 벚꽃 축제 방문입니다. 가족·주거 형태는 혼자 거주, 단독주택이며, 무리한 사업 확장보다는 현재의 단골 고객층을 탄탄하게 유지하며 심리적, 경제적 안정을 다지는 것에 집중합니다.",0,"주거 안정과 중기 목돈 마련: 서울 서울-광진구 거주, 단말기 및 통신 서비스 판매원 생활 패턴을 기준으로 1인 생활비와 자기계발비 통제, 주거비 안정화, 취미/관심사(한강변 조깅) 지출을 조절하고 강점(통신 요금제 최적화 설계)을 활용해 월별 저축 루틴을 유지하기",2620000
11,안선희,48,무직,Female,0,서울 서울-노원구,"안선희 씨는 노원구 상계동에 거주하며 인문학적 소양과 꼼꼼한 성격을 바탕으로 지역 사회에서 작은 영향력을 발휘하고, 건강 관리와 자아실현 사이에서 균형을 찾는 40대 여성입니다. 주요 강점은 텍스트 요약 및 분석, 단체 일정 및 예산 관리이며, 일상 관심사는 수락산 둘레길 산책, 지역 복지관 교육 봉사, 수채화 그리기입니다. 가족·주거 형태는 배우자·자녀와 거주, 아파트이며, 언젠가 작은 독립 서점을 운영하며 동네 사람들의 인생 이야기를 기록하는 작업을 해보고 싶어 합니다.",0,"가족 생활비와 노후 준비의 균형 확보: 서울 서울-노원구 거주, 무직 생활 패턴을 기준으로 자녀 관련 지출 계획화, 월 고정 주거비 관리, 취미/관심사(수락산 둘레길 산책) 지출을 조절하고 강점(텍스트 요약 및 분석)을 활용해 월별 저축 루틴을 유지하기",500000
12,천상희,54,치과위생사,Female,53300000,인천 인천-부평구,"천상희 씨는 부평에서 치과위생사로 일하며 가족의 평온과 정년까지의 안정을 꿈꾸는, 건강 관리가 시급한 50대 여성입니다. 주요 강점은 정밀 치석 제거 및 잇몸 관리, 환자 맞춤형 구강 보건 교육이며, 일상 관심사는 지역 배드민턴 클럽 활동, 전국 역사 유적지 가족 탐방, 동네 빵집 투어 및 디저트 시식입니다. 가족·주거 형태는 배우자·자녀와 거주, 아파트이며, 가끔 업무 중 솟구치는 예민함을 다스리며 후배들과 원만한 관계를 유지하는 평온한 직장 생활을 지향합니다.",0,"은퇴 전 현금흐름 정리와 건강 지출 대비: 인천 인천-부평구 거주, 치과위생사 생활 패턴을 기준으로 자녀 관련 지출 계획화, 월 고정 주거비 관리, 취미/관심사(지역 배드민턴 클럽 활동) 지출을 조절하고 강점(정밀 치석 제거 및 잇몸 관리)을 활용해 월별 저축 루틴을 유지하기",2620000
13,박민종,40,경영 컨설턴트,Male,44300000,서울 서울-강서구,"박민종 씨는 실용주의적 가치관을 가진 베테랑 경영 컨설턴트로, 강서구에서 아내와 살며 당구와 사우나, K리그로 스트레스를 푸는 40대 가장입니다. 주요 강점은 실무 중심의 경영 프로세스 최적화, 중소기업 맞춤형 운영 효율화 전략 수립이며, 일상 관심사는 동네 당구장에서의 3구 경기, 주말 오후 지역 사우나 방문, K리그 경기 시청 및 분석입니다. 가족·주거 형태는 배우자와 거주, 다세대주택이며, 현재의 소득 수준에 안주하지 않고, 실무 경험을 더 쌓아 향후 자신만의 색깔을 가진 소규모 컨설팅 펌을 운영하는 청사진을 그리고 있습니다.",0,"가족 생활비와 노후 준비의 균형 확보: 서울 서울-강서구 거주, 경영 컨설턴트 생활 패턴을 기준으로 가족 공동 지출 관리, 월 고정 주거비 관리, 취미/관심사(동네 당구장에서의 3구 경기) 지출을 조절하고 강점(실무 중심의 경영 프로세스 최적화)을 활용해 월별 저축 루틴을 유지하기",2180000
14,양준호,50,건물 경비원,Male,30400000,전북 전북-진안군,"양준호 씨는 진안군의 정적인 정서와 철저한 자기관리 능력을 바탕으로 가족의 안정을 위해 헌신하는 성실한 경비원이자 외강내유한 성격의 소유자입니다. 주요 강점은 시설물 안전 점검 로그 작성 및 관리, 소규모 텃밭 작물 재배 및 병충해 관리이며, 일상 관심사는 80년대 가요 및 올드팝 감상, 진안읍내 중식당 맛집 탐방, 일간지 정독 및 주요 기사 스크랩입니다. 가족·주거 형태는 배우자·자녀와 거주, 아파트이며, 은퇴 후에는 무리한 확장 없이 지금의 자가 아파트에서 소박하게 생활하며, 고혈압 전단계인 건강 수치를 정상으로 되돌리는 것을 현실적인 목표로 삼고 있습니다.",0,"은퇴 전 현금흐름 정리와 건강 지출 대비: 전북 전북-진안군 거주, 건물 경비원 생활 패턴을 기준으로 자녀 관련 지출 계획화, 월 고정 주거비 관리, 취미/관심사(80년대 가요 및 올드팝 감상) 지출을 조절하고 강점(시설물 안전 점검 로그 작성 및 관리)을 활용해 월별 저축 루틴을 유지하기",1420000
15,이지윤,38,전기기기 설치 및 정비원,Female,50500000,경기 경기-남양주시,"이지윤 씨는 남양주에서 전기 설비 전문가로 일하며 강인한 직업 정신과 섬세한 가정적 면모를 동시에 지닌, 가족의 안식과 개인의 성장을 함께 추구하는 38세 여성입니다. 주요 강점은 PLC 제어 회로 설계 및 디버깅, 산업용 전기 설비 설치 및 안전 점검이며, 일상 관심사는 북한강변 카페 투어, 네일 아트 및 피부 관리, 반려견과 함께하는 동네 산책입니다. 가족·주거 형태는 배우자·자녀와 거주, 다세대주택이며, 전기기능장 자격증을 취득해 현장 실무를 넘어 기술 지도자로 인정받고자 하며, 아이들이 성장함에 따라 육체적 강도가 낮은 전기 안전 관리직으로 직무를 전환하는 계획을 세우고 있습니다.",0,"주거 안정과 중기 목돈 마련: 경기 경기-남양주시 거주, 전기기기 설치 및 정비원 생활 패턴을 기준으로 자녀 관련 지출 계획화, 월 고정 주거비 관리, 취미/관심사(북한강변 카페 투어) 지출을 조절하고 강점(PLC 제어 회로 설계 및 디버깅)을 활용해 월별 저축 루틴을 유지하기",2740000
16,최정현,27,일반 간호사,Female,51900000,서울 서울-송파구,"최정현 씨는 송파구에 거주하며 환자를 향한 다정함과 업무적 차분함을 겸비한 간호사로, 식물 가꾸기와 자연 속의 휴식을 통해 삶의 균형을 찾는 20대 여성입니다. 주요 강점은 정맥 주사 및 투약 관리, 환자 심리 상태 파악 및 공감 대화이며, 일상 관심사는 베란다 홈 가드닝, 일식 돈카츠와 소바 맛집 탐방, 유튜브 뷰티 채널 시청 및 홈케어입니다. 가족·주거 형태는 부모와 동거, 아파트이며, 먼 미래에는 조금 더 규칙적인 생활이 가능한 외래 진료실이나 보건 관리직으로 옮겨 삶의 균형을 유지하고 싶어 합니다.",0,"비상금과 커리어 전환 자금 마련: 서울 서울-송파구 거주, 일반 간호사 생활 패턴을 기준으로 부모님 부양 비용 관리, 월 고정 주거비 관리, 취미/관심사(베란다 홈 가드닝) 지출을 조절하고 강점(정맥 주사 및 투약 관리)을 활용해 월별 저축 루틴을 유지하기",3070000
17,길성환,41,배전반 조작원,Male,45500000,대구 대구-동구,"길성환 씨는 대구 동구의 현장에서 묵묵히 기술을 닦아온 숙련공이자, 가족을 향한 책임감과 건강에 대한 염려 사이에서 균형을 잡으려 애쓰는 평범한 40대 가장입니다. 주요 강점은 배전반 회로 도면 분석 및 설계 검토, 산업용 전력 설비 유지보수이며, 일상 관심사는 팔공산 숲길 단독 산책, 2000년대 초반 발라드 감상, 동네 친구들과의 술자리 잡담입니다. 가족·주거 형태는 배우자·자녀와 거주, 비주거용 건물 내 주택이며, 현재의 직무에서 오차 없는 완벽한 숙련도를 유지해 동료들에게 신뢰받는 베테랑이 되는 것에 만족하며, 틈틈이 공부하여 전기산업기사 자격증을 취득해 기술적 전문성을 공인받으려 합니다.",0,"가족 생활비와 노후 준비의 균형 확보: 대구 대구-동구 거주, 배전반 조작원 생활 패턴을 기준으로 자녀 관련 지출 계획화, 주거비 안정화, 취미/관심사(팔공산 숲길 단독 산책) 지출을 조절하고 강점(배전반 회로 도면 분석 및 설계 검토)을 활용해 월별 저축 루틴을 유지하기",2350000
18,김승원,51,엘리베이터 설치 및 정비원,Male,48200000,대구 대구-동구,"김승원 씨는 대구 동구에서 어머니와 함께 살며 승강기 정비 기술 하나로 삶을 일궈온, 겉은 무뚝뚝해도 속은 따뜻한 50대 미혼 남성입니다. 주요 강점은 승강기 제어반 회로 분석 및 트러블슈팅, 권상기 및 가이드 레일 정밀 수평 조절이며, 일상 관심사는 안동호 민물낚시, 라디오 음악 프로그램 청취, 팔공산 둘레길 산책입니다. 가족·주거 형태는 어머니와 동거, 아파트이며, 무리하게 사업을 확장하기보다는 현재의 기술력을 유지하며 사고 없이 현장을 관리하는 것에 집중하고, 퇴직 전까지 후배들에게 실전에서 바로 써먹을 수 있는 정비 노하우를 전수하는 베테랑으로 남고 싶어 합니다.",0,"은퇴 전 현금흐름 정리와 건강 지출 대비: 대구 대구-동구 거주, 엘리베이터 설치 및 정비원 생활 패턴을 기준으로 1인 생활비와 자기계발비 통제, 월 고정 주거비 관리, 취미/관심사(안동호 민물낚시) 지출을 조절하고 강점(승강기 제어반 회로 분석 및 트러블슈팅)을 활용해 월별 저축 루틴을 유지하기",2330000
19,박원목,46,그 외 기계장비 설치 및 정비원,Male,51600000,대구 대구-달서구,"박원목 씨는 대구의 가구 공장에서 숙련된 기술로 가정을 지탱하며, 삼성 라이온즈와 사우나를 사랑하는 성실하고 보수적인 중년 가장입니다. 주요 강점은 자동 절단기 정밀 수평 조절, 유압 시스템 누유 진단 및 보수이며, 일상 관심사는 달성공원 산책로 걷기, 유튜브 기계 정비 영상 시청, 동네 코인 노래방에서 트로트 부르기입니다. 가족·주거 형태는 배우자·자녀와 거주, 아파트이며, 현장에서 쌓은 기술적 신뢰를 바탕으로 동료들에게 인정받는 최고 숙련공이 되어, 정년까지 큰 사고 없이 안정적으로 가계 소득을 유지하는 것에 집중합니다.",0,"가족 생활비와 노후 준비의 균형 확보: 대구 대구-달서구 거주, 그 외 기계장비 설치 및 정비원 생활 패턴을 기준으로 자녀 관련 지출 계획화, 월 고정 주거비 관리, 취미/관심사(달성공원 산책로 걷기) 지출을 조절하고 강점(자동 절단기 정밀 수평 조절)을 활용해 월별 저축 루틴을 유지하기",2670000
20,이경수,45,무직,Male,0,경기 경기-용인시 기흥구,"이경수 씨는 기계 정비 기술과 탁월한 사회성을 갖췄음에도 현재는 무직 상태로, UFC 분석과 가족 산책으로 내면의 불안함을 달래며 소박한 창업을 꿈꾸는 용인의 40대 가장입니다. 주요 강점은 상대방의 심리를 읽는 유연한 협상력, 전자기기 하드웨어 유지보수 및 수리이며, 일상 관심사는 UFC 및 로드FC 경기 분석 시청, 기흥구 일대 숨은 한식 맛집 탐방, 정치 및 경제 관련 팟캐스트 청취입니다. 가족·주거 형태는 배우자·자녀와 거주, 아파트이며, 거창한 성공보다는 가족들과의 저녁 식사를 보장받으면서도 사회적 존재감을 유지할 수 있는 소박한 일터를 꿈꿉니다.",0,"가족 생활비와 노후 준비의 균형 확보: 경기 경기-용인시 기흥구 거주, 무직 생활 패턴을 기준으로 자녀 관련 지출 계획화, 월 고정 주거비 관리, 취미/관심사(UFC 및 로드FC 경기 분석 시청) 지출을 조절하고 강점(상대방의 심리를 읽는 유연한 협상력)을 활용해 월별 저축 루틴을 유지하기",500000
21,고은경,46,판금원,Female,47200000,경기 경기-용인시 기흥구,"고은경 씨는 용인에서 근무하는 숙련된 판금원으로, 성실한 저축과 절제된 일상을 통해 내 집 마련의 꿈을 키워가는 강인하고 차분한 40대 여성입니다. 주요 강점은 자동차 외판 판금 교정, 스팟 용접 및 접합 기술이며, 일상 관심사는 동네 배드민턴 클럽 활동, 동네 사우나에서 휴식하기, 최신 개봉 영화 관람입니다. 가족·주거 형태는 배우자·자녀와 거주, 연립주택이며, 현재의 숙련도를 유지하며 현장에서 믿음직한 선배로 남는 것에 만족하며, 매달 꼬박꼬박 모으는 적금을 통해 전세를 벗어나 가족들이 온전히 쉴 수 있는 작은 내 집을 마련하고자 합니다.",0,"가족 생활비와 노후 준비의 균형 확보: 경기 경기-용인시 기흥구 거주, 판금원 생활 패턴을 기준으로 자녀 관련 지출 계획화, 주거비 안정화, 취미/관심사(동네 배드민턴 클럽 활동) 지출을 조절하고 강점(자동차 외판 판금 교정)을 활용해 월별 저축 루틴을 유지하기",2440000
22,김현희,38,무직,Female,0,인천 인천-미추홀구,"김현희 씨는 공학적 꼼꼼함으로 가정을 돌보며 송도 입성과 남동공단 재취업을 꿈꾸는 미추홀구의 현실적인 주부입니다. 주요 강점은 이케아 가구 및 소형 가전 조립, 엑셀 기반 가계 지출 데이터 분석이며, 일상 관심사는 문학산 등산 및 숲길 산책, 이문세 노래 부르기, 동네 분식집 쫄면 맛집 탐방입니다. 가족·주거 형태는 배우자·자녀와 거주, 다세대주택이며, 거창한 커리어보다는 매달 꼬박꼬박 들어오는 월급으로 가족과 함께 송도 근처의 깨끗한 아파트로 이사하는 실질적인 목표를 가지고 있습니다.",0,"주거 안정과 중기 목돈 마련: 인천 인천-미추홀구 거주, 무직 생활 패턴을 기준으로 자녀 관련 지출 계획화, 월 고정 주거비 관리, 취미/관심사(문학산 등산 및 숲길 산책) 지출을 조절하고 강점(이케아 가구 및 소형 가전 조립)을 활용해 월별 저축 루틴을 유지하기",500000
23,허현화,54,무직,Female,0,부산 부산-강서구,"허현화 씨는 부산 강서구에서 가족과 이웃을 세심히 살피며, 소박한 정원 가꾸기와 영상 기록을 통해 일상의 평온함을 찾아가는 배려심 깊은 중년 여성입니다. 주요 강점은 가족 맞춤형 외식 메뉴 큐레이팅, 스마트폰 영상 편집 앱 활용이며, 일상 관심사는 낙동강 하구둑 산책로 사진 촬영, 모바일 퍼즐 게임, 일본식 소바 및 초밥 맛집 탐방입니다. 가족·주거 형태는 배우자·자녀와 거주, 단독주택이며, 거창한 사회적 성취보다는 지역 커뮤니티 센터의 원예 과정을 완강하여, 마당의 작은 화단을 계절마다 다채로운 꽃들로 채워나가는 소박한 성취를 꿈꿉니다.",0,"은퇴 전 현금흐름 정리와 건강 지출 대비: 부산 부산-강서구 거주, 무직 생활 패턴을 기준으로 자녀 관련 지출 계획화, 주거비 안정화, 취미/관심사(낙동강 하구둑 산책로 사진 촬영) 지출을 조절하고 강점(가족 맞춤형 외식 메뉴 큐레이팅)을 활용해 월별 저축 루틴을 유지하기",500000
24,이은순,50,소규모 상점 경영자,Female,58500000,경기 경기-고양시 일산서구,"이은순 씨는 공학적 논리와 다정한 성품을 겸비한 일산의 소규모 상점 운영자로, 가족의 안정과 이웃과의 정을 소중히 여기며 배드민턴과 트로트로 활력을 찾는 50대 여성입니다. 주요 강점은 효율적인 매장 공간 배치, 단골 고객 성향 분석 및 관리이며, 일상 관심사는 일산 호수공원 배드민턴 모임, 친구들과의 트로트 노래방 방문, 경기도 외곽 숲길 산책 및 풍경 사진 촬영입니다. 가족·주거 형태는 배우자·자녀와 거주, 아파트이며, 현재 운영하는 상점이 동네 사람들이 편하게 들러 이야기를 나누는 사랑방 같은 공간이 되기를 바라며, 무리한 확장보다는 내실 있는 운영을 통해 자녀들이 안정적으로 자립할 수 있는 기반을 유지하는 것에 가치를 둡니다.",0,"은퇴 전 현금흐름 정리와 건강 지출 대비: 경기 경기-고양시 일산서구 거주, 소규모 상점 경영자 생활 패턴을 기준으로 자녀 관련 지출 계획화, 월 고정 주거비 관리, 취미/관심사(일산 호수공원 배드민턴 모임) 지출을 조절하고 강점(효율적인 매장 공간 배치)을 활용해 월별 저축 루틴을 유지하기",2880000
25,박현희,32,산업 안전원,Female,47900000,경기 경기-의정부시,"박현희 씨는 인문학적 감수성과 산업 안전이라는 냉철한 전문성을 동시에 갖춘, 내면의 고요함을 사랑하는 32세 직장인입니다. 주요 강점은 위험성 평가 보고서 작성, 산업안전보건법 준수 여부 점검이며, 일상 관심사는 북한산 둘레길 산책, 오늘의집 인테리어 소품 수집, 넷플릭스 다큐멘터리 시청입니다. 가족·주거 형태는 부모와 동거, 아파트이며, 현재의 전문성을 다지기 위해 산업안전지도사 자격 취득을 준비하고 있으며, 현장의 경직된 분위기를 유연하게 바꾸어 사고 없는 일터를 만드는 실질적인 성과를 내고 싶어 합니다.",0,"주거 안정과 중기 목돈 마련: 경기 경기-의정부시 거주, 산업 안전원 생활 패턴을 기준으로 부모님 부양 비용 관리, 월 고정 주거비 관리, 취미/관심사(북한산 둘레길 산책) 지출을 조절하고 강점(위험성 평가 보고서 작성)을 활용해 월별 저축 루틴을 유지하기",2630000
26,서나미,46,음식료품 판매원,Female,41100000,경기 경기-남양주시,"서나미 씨는 남양주에서 식료품 판매원으로 일하며 예술적 감각과 현실적 생활력을 동시에 갖춘, 빵과 인테리어를 사랑하는 40대 여성입니다. 주요 강점은 고객 심리 기반의 맞춤형 식료품 추천, 시각적 효과를 고려한 상품 진열 및 VMD이며, 일상 관심사는 남양주 지역 베이커리 탐방 및 기록, 지역 커뮤니티 센터 배드민턴 활동, 인테리어 및 홈 스타일링 영상 시청입니다. 가족·주거 형태는 배우자·자녀와 거주, 아파트이며, 단순히 물건을 파는 곳이 아니라, 사람들에게 영감을 주는 공간을 만드는 것이 소소한 꿈입니다.",0,"가족 생활비와 노후 준비의 균형 확보: 경기 경기-남양주시 거주, 음식료품 판매원 생활 패턴을 기준으로 자녀 관련 지출 계획화, 월 고정 주거비 관리, 취미/관심사(남양주 지역 베이커리 탐방 및 기록) 지출을 조절하고 강점(고객 심리 기반의 맞춤형 식료품 추천)을 활용해 월별 저축 루틴을 유지하기",2120000
27,강미현,51,교육 및 훈련 사무원,Female,40200000,부산 부산-부산진구,"강미현 씨는 부산진구의 변화를 즐기는 개방적인 태도로 금융권 사무직의 전문성을 유지하며, 가족의 화목과 소소한 빵 쇼핑에서 행복을 찾는 50대 여성입니다. 주요 강점은 연간 교육 훈련 커리큘럼 수립 및 일정 관리, 교육 예산 집행 및 증빙 서류 정산이며, 일상 관심사는 유튜브 숏폼 영상 시청하며 생각 비우기, 국내 역사 유적지 가족 여행, 전포동 베이커리 카페 투어입니다. 가족·주거 형태는 배우자·자녀·아버지와 거주, 주택 이외의 거처이며, 급격한 직위 상승이나 성취보다는 지금의 숙련도를 유지하며 가족들과 보내는 저녁 시간을 온전히 지킬 수 있는 안정적인 직장 생활을 지향합니다.",0,"은퇴 전 현금흐름 정리와 건강 지출 대비: 부산 부산-부산진구 거주, 교육 및 훈련 사무원 생활 패턴을 기준으로 자녀 관련 지출 계획화, 주거비 안정화, 취미/관심사(유튜브 숏폼 영상 시청하며 생각 비우기) 지출을 조절하고 강점(연간 교육 훈련 커리큘럼 수립 및 일정 관리)을 활용해 월별 저축 루틴을 유지하기",1980000
28,김가윤,44,건물 경비원,Female,32300000,전북 전북-군산시,"김가윤 씨는 군산에서 경비원으로 일하며 자녀를 홀로 키우는 강인한 생활력의 소유자로, 정적인 일상 속에서 소소한 문화생활과 가족과의 여행으로 위안을 얻는 40대 여성입니다. 주요 강점은 단지 내 시설물 안전 점검 및 이상 유무 모니터링, 입주민 민원 접수 및 차분한 중재 능력이며, 일상 관심사는 고군산군도 해안도로 드라이브 및 풍경 감상, 최신 개봉 영화 관람 및 감상평 기록, 동네 단골 미용실에서의 헤어 스타일 관리입니다. 가족·주거 형태는 자녀와 거주 (한부모), 아파트이며, 무리한 직종 변경보다는 지금 있는 곳에서 입주민들에게 '가장 믿음직한 경비원'이라는 평판을 얻으며 정년까지 평온하게 근무하고 싶어 합니다.",0,"가족 생활비와 노후 준비의 균형 확보: 전북 전북-군산시 거주, 건물 경비원 생활 패턴을 기준으로 부모님 부양 비용 관리, 월 고정 주거비 관리, 취미/관심사(고군산군도 해안도로 드라이브 및 풍경 감상) 지출을 조절하고 강점(단지 내 시설물 안전 점검 및 이상 유무 모니터링)을 활용해 월별 저축 루틴을 유지하기",1780000
29,이동성,53,무직,Male,0,충청남 충청남-천안시 서북구,"이동성 씨는 분석적인 정보통신 전공 지식과 충청도식 여유를 가진 채, 건강 관리와 소박한 일상의 균형을 찾는 50대 가장입니다. 주요 강점은 가정 내 네트워크 및 와이파이 최적화, 디지털 기기 하드웨어 기본 정비이며, 일상 관심사는 천호지 호수공원 아침 산책, 종이 신문 탐독 및 스크랩, 광덕산 등산 및 자연 풍경 감상입니다. 가족·주거 형태는 배우자·자녀와 거주, 아파트이며, 무리한 확장보다는 현재의 건강 상태를 고려한 적정 수준의 경제 활동과 가족과의 시간을 균형 있게 맞추는 것에 집중합니다.",0,"은퇴 전 현금흐름 정리와 건강 지출 대비: 충청남 충청남-천안시 서북구 거주, 무직 생활 패턴을 기준으로 자녀 관련 지출 계획화, 월 고정 주거비 관리, 취미/관심사(천호지 호수공원 아침 산책) 지출을 조절하고 강점(가정 내 네트워크 및 와이파이 최적화)을 활용해 월별 저축 루틴을 유지하기",500000
30,이준혁,48,철도 고가 전선 가설원,Male,53500000,충청남 충청남-천안시 동남구,"이준혁 씨는 천안에서 철도 전선 가설원으로 일하며 아버지와 함께 사는, 책임감 강하고 실용적인 성격의 40대 가장입니다. 주요 강점은 가공 전차선 장력 조절, 고소 작업대 운용 및 안전 제어이며, 일상 관심사는 태조산 및 광덕산 등산, 동네 배드민턴 클럽 활동, 헬스장 유산소 운동입니다. 가족·주거 형태는 아버지와 동거, 아파트이며, 퇴직 이후에도 소규모 설비 보수 자문 일을 하며 규칙적인 생활 리듬을 유지하는 소박한 삶을 꿈꿉니다.",0,"가족 생활비와 노후 준비의 균형 확보: 충청남 충청남-천안시 동남구 거주, 철도 고가 전선 가설원 생활 패턴을 기준으로 1인 생활비와 자기계발비 통제, 월 고정 주거비 관리, 취미/관심사(태조산 및 광덕산 등산) 지출을 조절하고 강점(가공 전차선 장력 조절)을 활용해 월별 저축 루틴을 유지하기",2720000
31,고다연,26,"전직 상품 기획자, 현재 구직중",Female,0,광주 광주-북구,"고다연 씨는 인문학적 감성을 가진 전직 상품 기획자로, 광주에서 자신만의 확고한 취향과 미식을 즐기며 가치 있는 재취업을 꿈꾸는 26세 여성입니다. 주요 강점은 시장 트렌드 분석, 제품 컨셉 기획이며, 일상 관심사는 동네 목욕탕 투어, 전국 노포 맛집 탐방, 인테리어 브이로그 시청입니다. 가족·주거 형태는 혼자 거주, 아파트이며, 현재는 공백기에 대한 불안감이 있지만, 조급하게 아무 곳이나 들어가기보다 자신의 가치관과 맞는 브랜드의 기획자로 재취업하려 준비 중입니다.",0,"비상금과 커리어 전환 자금 마련: 광주 광주-북구 거주, 전직 상품 기획자, 현재 구직중 생활 패턴을 기준으로 1인 생활비와 자기계발비 통제, 월 고정 주거비 관리, 취미/관심사(동네 목욕탕 투어) 지출을 조절하고 강점(시장 트렌드 분석)을 활용해 월별 저축 루틴을 유지하기",500000
32,조도훈,25,호송 경비원,Male,34200000,경기 경기-성남시 수정구,"조도훈 씨는 성남에서 나고 자란 실속 있는 청년으로, 철저한 직업 정신과 소박한 저축 습관을 지닌 채 노포 맛집 탐방과 게임으로 삶의 활력을 찾는 인물입니다. 주요 강점은 호송 경로 최적화 및 보안 점검, 돌발 상황 대응 및 제압 기술이며, 일상 관심사는 전국 노포 맛집 탐방, 리그 오브 레전드, 동네 목욕탕 사우나입니다. 가족·주거 형태는 혼자 거주, 단독주택이며, 매달 월급의 일정 부분을 꼼꼼하게 저축해 성남 지역에 본인 명의의 작은 집을 마련하려는 계획을 세우고 있습니다.",0,"비상금과 커리어 전환 자금 마련: 경기 경기-성남시 수정구 거주, 호송 경비원 생활 패턴을 기준으로 1인 생활비와 자기계발비 통제, 주거비 안정화, 취미/관심사(전국 노포 맛집 탐방) 지출을 조절하고 강점(호송 경로 최적화 및 보안 점검)을 활용해 월별 저축 루틴을 유지하기",2080000
33,정수경,51,건물 청소원,Female,52500000,강원 강원-원주시,"정수경 씨는 원주 중앙시장의 정서를 간직한 채 금융기관 건물 청소원으로 성실하게 일하며, 가족의 안락한 미래와 소박한 식도락의 기쁨을 쫓는 50대 여성입니다. 주요 강점은 자재별 맞춤 세정제 배합 및 활용, 대형 건물 효율적 청소 동선 설계이며, 일상 관심사는 전국 제철 나물 맛집 탐방, 베란다 텃밭 가꾸기, 지역 주민 자치 모임 참여입니다. 가족·주거 형태는 배우자·편부모와 거주, 아파트이며, 현재의 직무에서 성실함을 인정받아 고용 기간을 안정적으로 확보하고, 매달 받는 급여를 알뜰하게 모아 부모님을 모시고 더 쾌적한 주거 환경으로 옮기는 것을 최우선으로 생각합니다.",0,"은퇴 전 현금흐름 정리와 건강 지출 대비: 강원 강원-원주시 거주, 건물 청소원 생활 패턴을 기준으로 부모님 부양 비용 관리, 월 고정 주거비 관리, 취미/관심사(전국 제철 나물 맛집 탐방) 지출을 조절하고 강점(자재별 맞춤 세정제 배합 및 활용)을 활용해 월별 저축 루틴을 유지하기",2540000
34,이순복,57,무직,Female,0,경기 경기-부천시 원미구,"이순복 씨는 부천에서 자녀와 함께 사는 보건복지 전공의 생활력 강한 여성으로, 현실적인 조언과 소소한 춤과 산책으로 삶의 균형을 잡고 있습니다. 주요 강점은 정부 복지 혜택 및 보조금 신청 가이드, 노인 및 취약계층 건강 상담이며, 일상 관심사는 부천역 인근 댄스 클럽 방문, 상동호수공원 산책, 최신 트로트 및 댄스 음악 감상입니다. 가족·주거 형태는 자녀와 거주 (한부모), 다세대주택이며, 현재는 경제활동보다 삶의 균형을 찾는 데 집중하고 있으며, 나중에는 동네 복지관에서 시간제 상담사로 활동하며 전공 지식을 나누는 소박한 보람을 계획하고 있습니다.",0,"은퇴 전 현금흐름 정리와 건강 지출 대비: 경기 경기-부천시 원미구 거주, 무직 생활 패턴을 기준으로 부모님 부양 비용 관리, 월 고정 주거비 관리, 취미/관심사(부천역 인근 댄스 클럽 방문) 지출을 조절하고 강점(정부 복지 혜택 및 보조금 신청 가이드)을 활용해 월별 저축 루틴을 유지하기",500000
35,장현정,29,무직,Female,0,광주 광주-남구,"장현정 씨는 광주 남구의 자가 아파트에 거주하며 로컬 기획자를 꿈꾸는, 사교적이고 섬세한 감성의 20대 후반 여성입니다. 주요 강점은 분위기 조성 및 아이스브레이킹, 인문학적 관점의 텍스트 분석이며, 일상 관심사는 헬스장 스피닝 수업 참여, 일본 만화 정주행, 양림동 골목 산책입니다. 가족·주거 형태는 혼자 거주, 아파트이며, 자신이 가진 사교성과 예술적 감각을 결합해 광주 지역의 문화 예술 공간을 활성화하는 로컬 기획자로 성장하여 지역 사회에 소소한 활력을 불어넣고 싶어 합니다.",0,"비상금과 커리어 전환 자금 마련: 광주 광주-남구 거주, 무직 생활 패턴을 기준으로 1인 생활비와 자기계발비 통제, 월 고정 주거비 관리, 취미/관심사(헬스장 스피닝 수업 참여) 지출을 조절하고 강점(분위기 조성 및 아이스브레이킹)을 활용해 월별 저축 루틴을 유지하기",500000
36,김종철,40,그 외 제품 디자이너,Male,52700000,강원 강원-춘천시,"김종철 씨는 ICT 전문성을 바탕으로 춘천의 소상공인을 돕는 디자인 전문가이자, 고요한 자연과 시티팝을 사랑하는 현실적인 가장입니다. 주요 강점은 외식업 전용 키오스크 UX 디자인, 매장 동선 최적화 설계이며, 일상 관심사는 소양강 댐 주변 드라이브, 전략 시뮬레이션 게임, 8090 시티팝 감상입니다. 가족·주거 형태는 배우자·자녀와 거주, 아파트이며, 당장의 큰 수익보다는 자신의 설계가 실제 매출 상승으로 이어지는 구체적인 성과를 만드는 데 집중합니다.",0,"가족 생활비와 노후 준비의 균형 확보: 강원 강원-춘천시 거주, 그 외 제품 디자이너 생활 패턴을 기준으로 자녀 관련 지출 계획화, 월 고정 주거비 관리, 취미/관심사(소양강 댐 주변 드라이브) 지출을 조절하고 강점(외식업 전용 키오스크 UX 디자인)을 활용해 월별 저축 루틴을 유지하기",2720000
37,최청아,42,경·소형 화물차 운전원,Female,45400000,전라남 전라남-담양군,"최청아 씨는 담양의 좁은 길을 누비는 능숙한 화물차 운전사로, 사교적인 성격과 철저한 자기관리 능력을 갖춘 채 가족의 안락한 미래를 설계하는 40대 여성입니다. 주요 강점은 좁은 골목길 정밀 운전, 효율적인 배송 경로 설계이며, 일상 관심사는 모바일 퍼즐 게임, 네일 아트 및 피부 관리, 메타세쿼이아 길 산책입니다. 가족·주거 형태는 배우자·자녀와 거주, 단독주택이며, 현재 운영하는 1톤 트럭 외에 차량을 추가로 도입해 소규모 운송 네트워크를 구축하고, 자녀들이 성인이 되었을 때 안정적인 자산 기반을 물려주고 싶어 합니다.",0,"가족 생활비와 노후 준비의 균형 확보: 전라남 전라남-담양군 거주, 경·소형 화물차 운전원 생활 패턴을 기준으로 자녀 관련 지출 계획화, 주거비 안정화, 취미/관심사(모바일 퍼즐 게임) 지출을 조절하고 강점(좁은 골목길 정밀 운전)을 활용해 월별 저축 루틴을 유지하기",2350000
38,박상직,45,건물 경비원,Male,35600000,전북 전북-고창군,"박상직 씨는 고창에서 성실하게 경비 업무를 수행하며 가족의 안정을 최우선으로 여기는, 조용하지만 강한 책임감을 가진 40대 가장입니다. 주요 강점은 출입자 명부 관리 및 안내, 시설물 야간 순찰 및 보안 점검이며, 일상 관심사는 유튜브 요리 채널 시청 및 따라 하기, 고창읍성 및 마을 길 산책, 제철 식재료를 활용한 집밥 만들기입니다. 가족·주거 형태는 배우자·자녀와 거주, 단독주택이며, 지금처럼 큰 풍파 없이 가정을 돌보며, 자녀들이 성인이 되어 제 길을 찾을 때까지 안정적인 울타리가 되어주는 것에 만족하며 살아갑니다.",0,"가족 생활비와 노후 준비의 균형 확보: 전북 전북-고창군 거주, 건물 경비원 생활 패턴을 기준으로 자녀 관련 지출 계획화, 주거비 안정화, 취미/관심사(유튜브 요리 채널 시청 및 따라 하기) 지출을 조절하고 강점(출입자 명부 관리 및 안내)을 활용해 월별 저축 루틴을 유지하기",1840000
39,남종광,52,무직,Male,0,전북 전북-전주시 덕진구,"남종광 씨는 고도의 IT 전문 지식과 무직이라는 현실 사이의 괴리를 안고 살아가며, 어머니에 대한 효심과 디지털 봉사라는 새로운 사회적 목표를 품고 사는 52세 남성입니다. 주요 강점은 네트워크 아키텍처 설계, 서버 리소스 최적화이며, 일상 관심사는 역사 다큐멘터리 시청, 전주 한옥마을 일대 유적지 탐방, 최신 가전제품 기능 분석입니다. 가족·주거 형태는 어머니와 동거, 아파트이며, 다시 치열한 경쟁 사회로 돌아가기보다, 자신이 가진 IT 전문 지식을 활용해 지역 복지관이나 작은 도서관에서 어르신들을 대상으로 하는 디지털 교육 봉사자로 활동하며 소소한 사회적 영향력을 발휘하고 싶어 합니다.",0,"은퇴 전 현금흐름 정리와 건강 지출 대비: 전북 전북-전주시 덕진구 거주, 무직 생활 패턴을 기준으로 1인 생활비와 자기계발비 통제, 월 고정 주거비 관리, 취미/관심사(역사 다큐멘터리 시청) 지출을 조절하고 강점(네트워크 아키텍처 설계)을 활용해 월별 저축 루틴을 유지하기",500000
40,김연욱,47,일반 비서,Female,56300000,서울 서울-강동구,"김연욱 씨는 강동구에서 자가 아파트를 소유하고 복지관 비서로 근무하는 47세 여성으로, 철저한 자기관리와 가족에 대한 헌신을 통해 안정적인 삶을 일궈가는 실무형 살림꾼입니다. 주요 강점은 복지재단 일정 최적화 및 관리, 공공기관 제출용 행정 문서 검수이며, 일상 관심사는 강동구민체육센터 배드민턴, 고덕천 반려견 산책, 유튜브 정리 정돈 영상 시청입니다. 가족·주거 형태는 배우자·자녀와 거주, 아파트이며, 정년까지 큰 굴곡 없이 지금의 안정적인 소득 수준을 유지하며 자녀들의 성장을 뒷바라지하는 것을 현실적인 목표로 삼고 있습니다.",0,"가족 생활비와 노후 준비의 균형 확보: 서울 서울-강동구 거주, 일반 비서 생활 패턴을 기준으로 자녀 관련 지출 계획화, 월 고정 주거비 관리, 취미/관심사(강동구민체육센터 배드민턴) 지출을 조절하고 강점(복지재단 일정 최적화 및 관리)을 활용해 월별 저축 루틴을 유지하기",2910000
41,박은진,29,보육교사,Female,45500000,광주 광주-남구,"박은진 씨는 광주 양림동에서 내 집 마련의 꿈을 이룬 성실한 보육교사로, 철저한 자기관리와 소박한 취향 사이에서 균형을 잡으며 살아가는 20대 여성입니다. 주요 강점은 영유아 발달 단계별 맞춤형 놀이 설계, 학부모 상담 및 갈등 중재이며, 일상 관심사는 남구 체육센터 배드민턴, 홈카페 소금빵 굽기, 네이버 블로그 일상 기록입니다. 가족·주거 형태는 혼자 거주, 단독주택이며, 서두르지 않고 매년 한 가지씩 새로운 교육법을 현장에 적용하며 자신만의 보육 철학을 완성해가는 과정에 집중합니다.",0,"비상금과 커리어 전환 자금 마련: 광주 광주-남구 거주, 보육교사 생활 패턴을 기준으로 1인 생활비와 자기계발비 통제, 주거비 안정화, 취미/관심사(남구 체육센터 배드민턴) 지출을 조절하고 강점(영유아 발달 단계별 맞춤형 놀이 설계)을 활용해 월별 저축 루틴을 유지하기",2770000
42,윤종수,42,산업 안전원,Male,49100000,대구 대구-달서구,"윤종수 씨는 대구 달서구의 금속 가공 현장을 지키는 실용주의적 안전 관리자로, 가족에 대한 책임감과 친구들과의 의리를 중시하며 사우나와 낚시로 삶의 균형을 잡는 40대 가장입니다. 주요 강점은 산업안전보건법 현장 적용 및 점검, 금속 가공 공정 위험성 평가이며, 일상 관심사는 동네 사우나 및 찜질방 방문, 유튜브 자동차 및 낚시 콘텐츠 시청, 지역 사회인 야구 동호회 활동입니다. 가족·주거 형태는 배우자·자녀와 거주, 아파트이며, 무리한 승진 경쟁보다는 현장에서 '말 통하는 안전 관리자'라는 평판을 유지하며, 큰 사고 없이 정년까지 안정적으로 재직하는 것을 최우선으로 생각합니다.",0,"가족 생활비와 노후 준비의 균형 확보: 대구 대구-달서구 거주, 산업 안전원 생활 패턴을 기준으로 자녀 관련 지출 계획화, 월 고정 주거비 관리, 취미/관심사(동네 사우나 및 찜질방 방문) 지출을 조절하고 강점(산업안전보건법 현장 적용 및 점검)을 활용해 월별 저축 루틴을 유지하기",2540000
43,진진숙,43,무직,Female,0,경상북 경상북-영주시,"진진숙 씨는 영주에서 가족과 함께 살며 인테리어와 꽃꽂이에 관심이 많은, 사교적이고 유연한 성격의 40대 전업주부입니다. 주요 강점은 지역 커뮤니티 인맥 관리, 거실 가구 재배치 및 스타일링이며, 일상 관심사는 부석사 및 소수서원 나들이, 오늘의집 인테리어 소품 수집, 유튜브 뷰티 및 피부 관리 영상 시청입니다. 가족·주거 형태는 배우자·자녀와 거주, 아파트이며, 거창한 성공보다는 꽃꽂이 자격증을 따서 작은 공방을 운영하거나, 이웃들과 함께하는 소규모 문화 강좌를 열어 사회적 존재감을 느끼는 소소한 성취를 꿈꿉니다.",0,"가족 생활비와 노후 준비의 균형 확보: 경상북 경상북-영주시 거주, 무직 생활 패턴을 기준으로 자녀 관련 지출 계획화, 월 고정 주거비 관리, 취미/관심사(부석사 및 소수서원 나들이) 지출을 조절하고 강점(지역 커뮤니티 인맥 관리)을 활용해 월별 저축 루틴을 유지하기",500000
44,최정이,40,무직,Female,0,전북 전북-정읍시,"최정이 씨는 전북 정읍에서 가족을 돌보며 보건복지 전문가로서의 재취업을 꿈꾸는, 책임감 강하고 사교적인 40대 여성입니다. 주요 강점은 노인 맞춤형 영양 식단 짜기, 정부 복지 혜택 신청 서류 작성이며, 일상 관심사는 내장산 조각공원 산책, 건강 요리 유튜브 시청, 정읍 시내 디저트 카페 탐방입니다. 가족·주거 형태는 배우자·자녀·어머니와 거주, 단독주택이며, 자녀가 성장함에 따라 정읍시 가족센터나 지역 복지관의 사례 관리사로 복귀해 전문성을 발휘하고 싶어 하지만, 모든 일을 완벽하게 처리하려는 강박 때문에 재취업 준비 과정에서 스스로를 지나치게 압박하곤 합니다.",0,"가족 생활비와 노후 준비의 균형 확보: 전북 전북-정읍시 거주, 무직 생활 패턴을 기준으로 자녀 관련 지출 계획화, 주거비 안정화, 취미/관심사(내장산 조각공원 산책) 지출을 조절하고 강점(노인 맞춤형 영양 식단 짜기)을 활용해 월별 저축 루틴을 유지하기",500000
45,신정호,48,시설 경비원,Male,33300000,경상남 경상남-거제시,"신정호 씨는 거제도의 쇠락을 지켜보며 자라온 시설 경비원으로, 유연한 처세술과 성실함을 갖췄지만 건강 관리와 경제적 여유에는 서툰 40대 후반의 남성입니다. 주요 강점은 CCTV 모니터링 및 이상 징후 포착, 기초 시설물 유지보수 및 점검이며, 일상 관심사는 면온저수지 주변 산책 및 삼림욕, 동네 당구장 게임, MBC 표준FM 라디오 청취입니다. 가족·주거 형태는 어머니와 동거, 단독주택이며, 지금 근무하는 시설에서 성실함을 인정받아 관리직으로 전환되어 월급을 조금이라도 올리고, 나중에는 작은 시골집을 고쳐 어머니와 조용히 지낼 수 있는 최소한의 기반을 만드는 것입니다.",0,"가족 생활비와 노후 준비의 균형 확보: 경상남 경상남-거제시 거주, 시설 경비원 생활 패턴을 기준으로 1인 생활비와 자기계발비 통제, 주거비 안정화, 취미/관심사(면온저수지 주변 산책 및 삼림욕) 지출을 조절하고 강점(CCTV 모니터링 및 이상 징후 포착)을 활용해 월별 저축 루틴을 유지하기",1690000
46,최경숙,55,건물 청소원,Female,38900000,서울 서울-관악구,"최경숙 씨는 관악구에서 잔뼈가 굵은 베테랑 청소원이자, 가족을 위해 헌신하며 당구와 조깅으로 활력을 찾는 50대 여성입니다. 주요 강점은 자재별 맞춤형 세제 선택 및 배합, 건물 층별 최단 청소 동선 설계이며, 일상 관심사는 관악산 둘레길 새벽 조깅, 동네 지인들과의 3쿠션 당구, 유튜브 트로트 가수 무대 영상 시청입니다. 가족·주거 형태는 배우자·자녀와 거주, 주택 이외의 거처이며, 큰 욕심 없이 지금의 일터를 건강하게 지키며 막내 자녀가 완전히 독립할 때까지 매달 꼬박꼬박 월급을 받는 안정적인 생활을 유지하고 싶어 합니다.",0,"은퇴 전 현금흐름 정리와 건강 지출 대비: 서울 서울-관악구 거주, 건물 청소원 생활 패턴을 기준으로 자녀 관련 지출 계획화, 주거비 안정화, 취미/관심사(관악산 둘레길 새벽 조깅) 지출을 조절하고 강점(자재별 맞춤형 세제 선택 및 배합)을 활용해 월별 저축 루틴을 유지하기",1910000
47,정지훈,29,무직,Male,0,서울 서울-송파구,"정지훈 씨는 건축공학 전공자의 전문성을 갖췄으나 취업 준비의 무기력함 속에 사는 20대 후반의 남성으로, 보드게임과 스포츠 관람, 자연 속의 휴식으로 삶의 균형을 잡으려 노력합니다. 주요 강점은 오토캐드 도면 설계, 레빗 3D 모델링이며, 일상 관심사는 프리미어리그 경기 시청, 보드게임(카탄, 스플렌더입니다. 가족·주거 형태는 비친족 동거, 아파트이며, 너무 치열한 경쟁보다는 자신의 속도로 일할 수 있는 중견 건설사의 설계 팀에 들어가, 실무 경험을 쌓으며 안정적인 생활 기반을 잡고 싶어 합니다.",0,"비상금과 커리어 전환 자금 마련: 서울 서울-송파구 거주, 무직 생활 패턴을 기준으로 1인 생활비와 자기계발비 통제, 월 고정 주거비 관리, 취미/관심사(프리미어리그 경기 시청) 지출을 조절하고 강점(오토캐드 도면 설계)을 활용해 월별 저축 루틴을 유지하기",500000
48,심복실,56,가사 도우미,Female,37600000,경상북 경상북-고령군,"심복실 씨는 고령군에서 신뢰받는 가사 도우미로 일하며, 소박한 외식과 산책으로 삶의 즐거움을 찾는 단단한 내면의 소유자입니다. 주요 강점은 맞춤형 공간 정리정돈, 섬유별 맞춤 세탁 및 관리이며, 일상 관심사는 대가야 고분군 산책로 걷기, 지역 내 이탈리안 레스토랑 탐방, 유튜브로 최신 인테리어 영상 보기입니다. 가족·주거 형태는 배우자와 거주, 단독주택이며, 고령 지역에서 가장 믿고 맡길 수 있는 일꾼이라는 평판을 유지하며, 건강을 잘 관리해 정년 없이 오랫동안 이웃들에게 도움을 주는 보람을 느끼고 싶어 합니다.",0,"은퇴 전 현금흐름 정리와 건강 지출 대비: 경상북 경상북-고령군 거주, 가사 도우미 생활 패턴을 기준으로 가족 공동 지출 관리, 주거비 안정화, 취미/관심사(대가야 고분군 산책로 걷기) 지출을 조절하고 강점(맞춤형 공간 정리정돈)을 활용해 월별 저축 루틴을 유지하기",1750000
49,홍두현,26,보험 심사원,Male,31100000,경기 경기-양주시,"홍두현 씨는 꼼꼼한 업무 능력과 부드러운 성격을 가진 보험 심사원으로, 알뜰한 저축과 피규어 수집, 식도락 여행을 통해 삶의 균형을 찾는 20대 청년입니다. 주요 강점은 보험 약관 분석 및 지급 적정성 심사, 민원인 응대 및 갈등 중재이며, 일상 관심사는 지역 배드민턴 동호회 활동, 전국 노포 면 요리 맛집 탐방, 한정판 캐릭터 피규어 수집입니다. 가족·주거 형태는 부모와 동거, 아파트이며, 장기적으로는 안정적인 소득을 바탕으로 부모님으로부터 독립해 자신만의 보금자리를 마련하는 것을 현실적인 목표로 삼고 있습니다.",0,"비상금과 커리어 전환 자금 마련: 경기 경기-양주시 거주, 보험 심사원 생활 패턴을 기준으로 부모님 부양 비용 관리, 월 고정 주거비 관리, 취미/관심사(지역 배드민턴 동호회 활동) 지출을 조절하고 강점(보험 약관 분석 및 지급 적정성 심사)을 활용해 월별 저축 루틴을 유지하기",1840000
50,최지현,31,자동 재봉설비 조작원,Female,45200000,부산 부산-강서구,"최지현 씨는 부산 강서구의 의복 제조 공장에서 성실하게 일하며 어머니와의 안정적인 삶을 일궈가는, 다정하지만 내면에 소심한 걱정을 품고 사는 30대 직장인입니다. 주요 강점은 자동 재봉기 장력 최적화, 원단별 봉제 결함 판별이며, 일상 관심사는 낙동강 하구둑 산책, 유튜브 먹방 영상 시청, 전포 카페거리 양식당 투어입니다. 가족·주거 형태는 어머니와 동거, 아파트이며, 어머니와 함께 누릴 수 있는 안락한 노후 자금을 차곡차곡 모으는 실질적인 목표에 집중합니다.",0,"주거 안정과 중기 목돈 마련: 부산 부산-강서구 거주, 자동 재봉설비 조작원 생활 패턴을 기준으로 1인 생활비와 자기계발비 통제, 월 고정 주거비 관리, 취미/관심사(낙동강 하구둑 산책) 지출을 조절하고 강점(자동 재봉기 장력 최적화)을 활용해 월별 저축 루틴을 유지하기",2410000
51,이현준,25,금속공학 기술자 및 연구원,Male,52100000,울산 울산-남구,"이현준 씨는 울산의 금속공학 기술자로 일하며 수학적 정밀함과 예술적 감성을 동시에 지닌, 책임감 강한 20대 젊은 가장입니다. 주요 강점은 특수 합금 열처리 공정 설계, 금속 조직 미세 구조 분석이며, 일상 관심사는 태화강 십리대숲 풍경 사진 촬영, 명란구이와 하이볼 곁들이기, 과학 전문 팟캐스트 청취입니다. 가족·주거 형태는 배우자·자녀와 거주, 아파트이며, 기술적 숙련도를 쌓아 동료들이 믿고 찾는 현장 전문가이자, 회사의 핵심 기술 자산으로 인정받는 수석 연구원을 꿈꿉니다.",0,"비상금과 커리어 전환 자금 마련: 울산 울산-남구 거주, 금속공학 기술자 및 연구원 생활 패턴을 기준으로 자녀 관련 지출 계획화, 월 고정 주거비 관리, 취미/관심사(태화강 십리대숲 풍경 사진 촬영) 지출을 조절하고 강점(특수 합금 열처리 공정 설계)을 활용해 월별 저축 루틴을 유지하기",3040000
52,조태민,22,출판 및 자료편집 사무원,Male,38500000,서울 서울-강서구,"조태민 씨는 강서구 마곡의 일식 맛집과 헬스장을 전전하며, 한글 프로그램의 달인으로 인정받아 빠르게 퇴근하고 싶은 22세의 실무형 청년입니다. 주요 강점은 교육 콘텐츠 레이아웃 편집, 한글 및 엑셀 데이터 구조화이며, 일상 관심사는 마곡지구 일식 맛집 탐방, 웨이트 트레이닝, 유튜브 음식 콘텐츠 시청입니다. 가족·주거 형태는 부모와 동거, 다세대주택이며, 실무 역량을 빠르게 쌓아 편집 분야의 대체 불가능한 전문가가 됨으로써, 업무 효율을 극대화해 개인의 휴식 시간을 충분히 확보하는 안정적인 직장 생활을 지향합니다.",0,"비상금과 커리어 전환 자금 마련: 서울 서울-강서구 거주, 출판 및 자료편집 사무원 생활 패턴을 기준으로 부모님 부양 비용 관리, 월 고정 주거비 관리, 취미/관심사(마곡지구 일식 맛집 탐방) 지출을 조절하고 강점(교육 콘텐츠 레이아웃 편집)을 활용해 월별 저축 루틴을 유지하기",2280000
53,서승희,34,전기 부품 제조 기계 조작원,Female,54200000,대구 대구-서구,"서승희 씨는 기계 소음 속에서 정밀함을 찾아내는 숙련된 기술자이자, 고단한 하루 끝에 잡지와 산책으로 내면을 돌보는 외로운 도시인입니다. 주요 강점은 PLC 제어 및 제조 설비 운용, 전기 회로 도면 해독 및 분석이며, 일상 관심사는 대구 서구 인근 골목 산책, 인테리어 및 디자인 잡지 읽기, 전국 주요 도시 시티투어 버스 여행입니다. 가족·주거 형태는 혼자 거주 (배우자 별거), 아파트이며, 언젠가는 기술사 자격증을 취득하여 현장 관리직으로 옮겨가 더 안정적인 환경에서 일하고 싶어 합니다.",0,"주거 안정과 중기 목돈 마련: 대구 대구-서구 거주, 전기 부품 제조 기계 조작원 생활 패턴을 기준으로 1인 생활비와 자기계발비 통제, 월 고정 주거비 관리, 취미/관심사(대구 서구 인근 골목 산책) 지출을 조절하고 강점(PLC 제어 및 제조 설비 운용)을 활용해 월별 저축 루틴을 유지하기",2980000
54,김민호,51,영업 관리 사무원,Male,61300000,제주 제주-제주시,"김민호 씨는 공학적 분석력과 제주의 느긋함을 동시에 가진 영업 관리자로, 가족을 부양하는 책임감과 개인의 정적인 여유 사이에서 균형을 잡으며 살아가는 50대 남성입니다. 주요 강점은 기술 사양의 상업적 해석 및 전달, 유통 채널 운영 효율 최적화이며, 일상 관심사는 1100고지 및 중산간 드라이브, 유튜브 건축 및 공학 다큐멘터리 시청, 제주 지역 소규모 축제 탐방입니다. 가족·주거 형태는 형제자매와 동거 (가구주), 다세대주택이며, 현재의 안정적인 소득 수준을 유지하면서, 후배 사원들이 과도한 압박 없이 성과를 낼 수 있는 유연한 영업 관리 매뉴얼을 구축하려 합니다.",0,"은퇴 전 현금흐름 정리와 건강 지출 대비: 제주 제주-제주시 거주, 영업 관리 사무원 생활 패턴을 기준으로 1인 생활비와 자기계발비 통제, 월 고정 주거비 관리, 취미/관심사(1100고지 및 중산간 드라이브) 지출을 조절하고 강점(기술 사양의 상업적 해석 및 전달)을 활용해 월별 저축 루틴을 유지하기",2960000
55,오현태,59,그 외 운송장비 조립원,Male,44000000,경상남 경상남-함안군,"오현태 씨는 함안 공단의 숙련된 조립공이자 가족의 생계를 책임지는 든든한 가장으로, 일식과 낚시 그리고 소박한 자연을 통해 삶의 균형을 잡는 50대 후반의 남성입니다. 주요 강점은 자동차 섀시 정밀 조립, 조립 공정 도면 해석이며, 일상 관심사는 NC 다이노스 야구 경기 시청, 낙동강 민물낚시, 동네 단골 사우나 방문입니다. 가족·주거 형태는 형제자매와 동거 (가구주), 아파트이며, 현장에서 쌓은 기술적 노하우를 후배들에게 오차 없이 전수하며 유종의 미를 거두고, 퇴직 후에는 가족들과 여유롭게 자연을 즐기는 삶을 준비하고 있습니다.",0,"은퇴 전 현금흐름 정리와 건강 지출 대비: 경상남 경상남-함안군 거주, 그 외 운송장비 조립원 생활 패턴을 기준으로 1인 생활비와 자기계발비 통제, 월 고정 주거비 관리, 취미/관심사(NC 다이노스 야구 경기 시청) 지출을 조절하고 강점(자동차 섀시 정밀 조립)을 활용해 월별 저축 루틴을 유지하기",2130000
56,고은정,42,음식 서비스 종사원,Female,40000000,충청남 충청남-계룡시,"고은정 씨는 계룡시 군 관사에서 거주하며 예술적 감수성과 유연한 성격으로 주변을 밝히는 음식 서비스 종사자로, 미래에 자신만의 작은 브런치 카페를 꿈꾸는 낭만적인 40대 여성입니다. 주요 강점은 대규모 급식 배식 및 운영 관리, 상대방의 기분을 빠르게 읽는 공감 대화법이며, 일상 관심사는 대전 외곽 아울렛 쇼핑 투어, 계룡산 숲길 산책과 자연 관찰, 인테리어 소품 수집 및 가구 재배치입니다. 가족·주거 형태는 배우자·자녀와 거주, 아파트이며, 지금의 안정적인 직장 생활을 유지하면서도, 언젠가는 자신의 예술적 감각을 살려 작은 골목에 아기자기한 브런치 카페를 차려 손님들에게 매일 다른 메뉴를 선보이고 싶어 합니다.",0,"가족 생활비와 노후 준비의 균형 확보: 충청남 충청남-계룡시 거주, 음식 서비스 종사원 생활 패턴을 기준으로 자녀 관련 지출 계획화, 월 고정 주거비 관리, 취미/관심사(대전 외곽 아울렛 쇼핑 투어) 지출을 조절하고 강점(대규모 급식 배식 및 운영 관리)을 활용해 월별 저축 루틴을 유지하기",2070000
57,노정원,44,기업 고위 임원,Female,47700000,경기 경기-수원시 팔달구,"노정원 씨는 수원에 거주하며 보험사 임원으로 일하는 40대 여성으로, 전문적인 업무 능력과 달리 일상에서는 느슨한 정리 습관과 섬세한 감수성을 가진 인물입니다. 주요 강점은 기업 위험 분석 및 평가, 보험 계약 최적화 설계이며, 일상 관심사는 가평 숲속 캠핑, 넷플릭스 최신 시리즈 시청, 반려견과 함께하는 팔달산 산책입니다. 가족·주거 형태는 배우자·자녀와 거주, 아파트이며, 이미 고위직에 올랐지만 권위보다는 실속을 챙기며, 퇴근 후에는 업무 연락에서 완전히 해방되어 아이들의 학교 생활에 더 세심하게 관여하는 일상을 만들고 싶어 합니다.",0,"가족 생활비와 노후 준비의 균형 확보: 경기 경기-수원시 팔달구 거주, 기업 고위 임원 생활 패턴을 기준으로 자녀 관련 지출 계획화, 월 고정 주거비 관리, 취미/관심사(가평 숲속 캠핑) 지출을 조절하고 강점(기업 위험 분석 및 평가)을 활용해 월별 저축 루틴을 유지하기",2460000
58,신은아,59,컴퓨터 설치 및 수리원,Female,40400000,전북 전북-전주시 덕진구,"신은아 씨는 전주 덕진구에서 컴퓨터 수리점을 운영하며 가족과 이웃에 대한 애정이 깊은, 생활력 강한 50대 여성입니다. 주요 강점은 구형 PC 하드웨어 부품 교체 및 업그레이드, 운영체제 재설치 및 시스템 최적화이며, 일상 관심사는 가족과 함께하는 배드민턴 경기, 전주 시내 고기 맛집 탐방, 라디오 프로그램 사연 청취입니다. 가족·주거 형태는 배우자·자녀와 거주, 아파트이며, 지금 운영하는 수리점을 지역 주민들이 믿고 찾는 사랑방 같은 공간으로 유지하며, 은퇴 후에도 소규모로 이웃들의 디지털 기기 고장을 해결해 주는 생활 밀착형 전문가로 남고자 합니다.",0,"은퇴 전 현금흐름 정리와 건강 지출 대비: 전북 전북-전주시 덕진구 거주, 컴퓨터 설치 및 수리원 생활 패턴을 기준으로 자녀 관련 지출 계획화, 월 고정 주거비 관리, 취미/관심사(가족과 함께하는 배드민턴 경기) 지출을 조절하고 강점(구형 PC 하드웨어 부품 교체 및 업그레이드)을 활용해 월별 저축 루틴을 유지하기",1990000
59,박예윤,21,학습지 방문강사,Female,31500000,서울 서울-서초구,"박예윤 씨는 서초구에서 학습지 강사로 일하며 아이들을 세심하게 챙기는 체계적인 성격의 소유자로, 역사 여행과 배드민턴을 통해 삶의 균형을 잡으며 교육 기획자를 꿈꾸는 21세 청년입니다. 주요 강점은 아동 심리 기반의 맞춤형 학습 지도, 효율적인 방문 일정 최적화 및 시간 관리이며, 일상 관심사는 지역 커뮤니티 센터 배드민턴 활동, 역사 유적지 탐방 및 기록, 강남역 인근의 이색 양식당 방문입니다. 가족·주거 형태는 부모와 동거, 아파트이며, 현장에서 쌓은 실무 경험을 바탕으로 아이들의 인지 발달 단계에 맞춘 맞춤형 학습지 커리큘럼을 직접 설계하는 교육 기획자가 되고 싶어 합니다.",0,"비상금과 커리어 전환 자금 마련: 서울 서울-서초구 거주, 학습지 방문강사 생활 패턴을 기준으로 부모님 부양 비용 관리, 월 고정 주거비 관리, 취미/관심사(지역 커뮤니티 센터 배드민턴 활동) 지출을 조절하고 강점(아동 심리 기반의 맞춤형 학습 지도)을 활용해 월별 저축 루틴을 유지하기",1860000
60,김주영,43,무직,Male,0,경기 경기-화성시,"김주영 씨는 화성시 동탄에서 부모님과 함께 살며 섬세한 인테리어 감각과 사교성을 바탕으로 이웃들의 홈 스타일링 상담가를 꿈꾸는 43세 미혼 남성입니다. 주요 강점은 셀프 인테리어 및 가구 배치, 전동 공구 활용 및 간단한 집 수리이며, 일상 관심사는 화성호 주변 풍경 감상, 동네 산책 및 등산, 페퍼로니 피자와 맥주입니다. 가족·주거 형태는 부모와 동거, 아파트이며, 그동안 쌓아온 인테리어 감각과 특유의 사교성을 살려, 이웃들의 집 꾸미기를 도와주는 소규모 홈 스타일링 상담가로 활동하며 소소한 성취감을 느끼는 삶을 준비하고 있습니다.",0,"가족 생활비와 노후 준비의 균형 확보: 경기 경기-화성시 거주, 무직 생활 패턴을 기준으로 부모님 부양 비용 관리, 월 고정 주거비 관리, 취미/관심사(화성호 주변 풍경 감상) 지출을 조절하고 강점(셀프 인테리어 및 가구 배치)을 활용해 월별 저축 루틴을 유지하기",500000
61,박윤하,26,사진가,Female,39300000,서울 서울-동작구,"박윤하 씨는 동작구의 소박한 일상과 성수동의 화려한 감성 사이에서 자신만의 서늘한 색감을 좇는 26세의 신진 사진가입니다. 주요 강점은 라이트룸을 이용한 저채도 톤 보정, 인물 스냅 사진 구도 설계이며, 일상 관심사는 성수동 테마 카페 출사, 유튜브 먹방 및 음식 리뷰 시청, 광장시장 등 지역 맛집 탐방입니다. 가족·주거 형태는 아버지와 동거, 다세대주택이며, 무리하게 사업을 확장하기보다, 믿고 맡기는 소수의 단골 고객을 확보해 작은 개인 작업실을 마련하는 것이 현실적인 목표입니다.",0,"비상금과 커리어 전환 자금 마련: 서울 서울-동작구 거주, 사진가 생활 패턴을 기준으로 1인 생활비와 자기계발비 통제, 월 고정 주거비 관리, 취미/관심사(성수동 테마 카페 출사) 지출을 조절하고 강점(라이트룸을 이용한 저채도 톤 보정)을 활용해 월별 저축 루틴을 유지하기",2260000
62,김영환,41,철도운송 관련 종사원,Male,41800000,경상남 경상남-통영시,"김영환 씨는 통영에서 철도 운송직으로 일하며 내 집 마련을 꿈꾸는, 투박하지만 다정한 40대 가장입니다. 주요 강점은 철도 신호 및 통신 설비 점검, 선로 유지보수 현장 안전 관리이며, 일상 관심사는 미륵산 해안도로 가족 드라이브, 유튜브를 통한 전 세계 이색 열차 영상 시청, 통영 지역 내 숨은 한식 맛집 탐방입니다. 가족·주거 형태는 배우자·자녀와 거주, 단독주택이며, 현장에서 쌓은 숙련도를 바탕으로 관리직으로 성장해 후배들에게 실무 노하우를 전수하고 싶어 하며, 안정적인 소득을 통해 가족들이 마음 편히 머물 수 있는 자가 주택을 마련하는 것을 최우선 목표로 삼고 있습니다.",0,"가족 생활비와 노후 준비의 균형 확보: 경상남 경상남-통영시 거주, 철도운송 관련 종사원 생활 패턴을 기준으로 자녀 관련 지출 계획화, 주거비 안정화, 취미/관심사(미륵산 해안도로 가족 드라이브) 지출을 조절하고 강점(철도 신호 및 통신 설비 점검)을 활용해 월별 저축 루틴을 유지하기",2160000
63,한정민,47,그 외 건설 관련 기능 종사원,Male,51200000,경기 경기-수원시 권선구,"한정민 씨는 성실한 기술력과 부드러운 성품으로 현장을 이끌며, 소박한 내 집 마련과 가족의 행복을 위해 묵묵히 걷는 수원 권선구의 40대 가장입니다. 주요 강점은 건축 마감 처리 및 보수, 현장 상황 맞춤형 공정 조정이며, 일상 관심사는 광교산 둘레길 산책, 유튜브 낚시 및 자연 영상 시청, 모바일 퍼즐 게임입니다. 가족·주거 형태는 배우자·자녀와 거주, 아파트이며, 이를 위해 틈틈이 상위 등급의 기능사 자격증 취득을 준비하며, 현장 막내들에게 기술을 전수하는 선배로서 인정받는 삶에 만족감을 느낍니다.",0,"가족 생활비와 노후 준비의 균형 확보: 경기 경기-수원시 권선구 거주, 그 외 건설 관련 기능 종사원 생활 패턴을 기준으로 자녀 관련 지출 계획화, 월 고정 주거비 관리, 취미/관심사(광교산 둘레길 산책) 지출을 조절하고 강점(건축 마감 처리 및 보수)을 활용해 월별 저축 루틴을 유지하기",2650000
64,원지훈,48,석재 부설원,Male,47400000,제주 제주-제주시,"원지훈 씨는 제주 돌담의 결을 읽는 정밀한 기술을 가진 석재 부설원으로, 가족을 위한 내 집 마련의 꿈을 품고 성실하게 살아가는 40대 가장입니다. 주요 강점은 수평계 없이 눈대중으로 수평 잡기, 현무암 및 대리석 정밀 부설이며, 일상 관심사는 1100도로 가족 드라이브, 동네 목욕탕 사우나, 유튜브 낚시 영상 시청입니다. 가족·주거 형태는 배우자·자녀와 거주, 비주거용 건물 내 주택이며, 자녀들이 대학에 갈 때쯤에는 상가 건물 주택을 벗어나 가족 모두가 편히 쉴 수 있는 단독주택으로 이사 가는 것이 가장 큰 현실적 목표입니다.",0,"가족 생활비와 노후 준비의 균형 확보: 제주 제주-제주시 거주, 석재 부설원 생활 패턴을 기준으로 자녀 관련 지출 계획화, 주거비 안정화, 취미/관심사(1100도로 가족 드라이브) 지출을 조절하고 강점(수평계 없이 눈대중으로 수평 잡기)을 활용해 월별 저축 루틴을 유지하기",2450000
65,이현우,34,무직,Male,0,부산 부산-기장군,"이현우 씨는 기장군에 거주하며 고도비만이라는 신체적 조건과 무직이라는 사회적 위치에도 불구하고, 자신만의 예술적 감각으로 세상의 숨은 공간을 기록하는 낭만적인 관찰자입니다. 주요 강점은 전국 노포 큐레이션, 음식 및 공간 사진 촬영이며, 일상 관심사는 나홀로 전국 식도락 여행, 기장 해안가 산책 및 아이디어 스케치, 독립 영화 및 실험 영화 시청입니다. 가족·주거 형태는 혼자 거주, 다세대주택이며, 자신이 발견한 특별한 공간과 음식에 대한 기록을 엮어 소규모 독립 출판물을 만들거나, 취향이 비슷한 사람들이 모이는 작은 커뮤니티 공간을 운영하는 꿈을 꿉니다.",0,"주거 안정과 중기 목돈 마련: 부산 부산-기장군 거주, 무직 생활 패턴을 기준으로 1인 생활비와 자기계발비 통제, 월 고정 주거비 관리, 취미/관심사(나홀로 전국 식도락 여행) 지출을 조절하고 강점(전국 노포 큐레이션)을 활용해 월별 저축 루틴을 유지하기",500000
66,이인혜,45,무직,Female,0,부산 부산-부산진구,"이인혜 씨는 부산에서 가족을 세심히 돌보며 인문학적 소양과 원예 취미를 통해 정서적 안정을 찾는 40대 여성입니다. 주요 강점은 가계 및 가족 일정 정밀 관리, 베란다 원예 및 식물 케어이며, 일상 관심사는 부산 시민공원 숲길 산책, 전포동 수제 빵집 탐방, 현대 미술 전시 관람입니다. 가족·주거 형태는 배우자·자녀와 거주, 주택 이외의 거처이며, 주민센터의 문화 프로그램 운영 지원직으로 활동하며 지역 사회에 기여하고, 전공 지식을 활용해 소규모 인문학 함께 읽기 모임을 꾸준히 이끌어가는 삶을 꿈꿉니다.",0,"가족 생활비와 노후 준비의 균형 확보: 부산 부산-부산진구 거주, 무직 생활 패턴을 기준으로 자녀 관련 지출 계획화, 주거비 안정화, 취미/관심사(부산 시민공원 숲길 산책) 지출을 조절하고 강점(가계 및 가족 일정 정밀 관리)을 활용해 월별 저축 루틴을 유지하기",500000
67,김연조,29,일반 비서,Female,36100000,전북 전북-무주군,"김연조 씨는 교육학 전공의 논리성과 농촌의 정서를 모두 갖춘 행정 전문가로, 가족과 자연 속에서 소소한 행복을 찾는 20대 후반의 여성입니다. 주요 강점은 농업 행정 서류 작성 및 관리, 정부 보조금 신청 프로세스 최적화이며, 일상 관심사는 웹툰 및 디지털 콘텐츠 시청, 닌텐도 스위치 게임, 덕유산 인근 숲길 산책입니다. 가족·주거 형태는 기타3세대, 아파트이며, 현재의 행정 업무를 완전히 디지털화하여 마을 어르신들이 서류 작업의 불편함 없이 혜택을 받게 만들고자 하며, 장기적으로는 지역 농촌 교육 전문가로 거듭나 마을 공동체 교육 모델을 구축하고 싶어 합니다.",0,"비상금과 커리어 전환 자금 마련: 전북 전북-무주군 거주, 일반 비서 생활 패턴을 기준으로 가족 공동 지출 관리, 월 고정 주거비 관리, 취미/관심사(웹툰 및 디지털 콘텐츠 시청) 지출을 조절하고 강점(농업 행정 서류 작성 및 관리)을 활용해 월별 저축 루틴을 유지하기",2020000
68,김종삼,46,철도운송 관련 종사원,Male,47500000,대구 대구-달성군,"김종삼 씨는 철도 안전에 집착하는 꼼꼼한 숙련공이자, 가족을 아끼면서도 혼자만의 예술적 감성과 고요함을 갈구하는 대구 달성군의 40대 미혼 남성입니다. 주요 강점은 철도 시설 안전 점검, 운송 스케줄 최적화 관리이며, 일상 관심사는 동네 단골 일식집 탐방, 정밀한 각도 계산의 3쿠션 당구, 90년대 감성 발라드 노래방입니다. 가족·주거 형태는 형제자매와 동거 (가구주), 아파트이며, 현장에서 쌓은 경험을 바탕으로 후배들이 실수 없이 작업할 수 있는 실전형 안전 가이드를 정리해 보고 싶어 하며, 정년까지 큰 사고 없이 자신의 구역을 책임지는 숙련공으로 남기를 바랍니다.",0,"가족 생활비와 노후 준비의 균형 확보: 대구 대구-달성군 거주, 철도운송 관련 종사원 생활 패턴을 기준으로 1인 생활비와 자기계발비 통제, 월 고정 주거비 관리, 취미/관심사(동네 단골 일식집 탐방) 지출을 조절하고 강점(철도 시설 안전 점검)을 활용해 월별 저축 루틴을 유지하기",2410000
69,임종현,51,철도 고가 전선 가설원,Male,50900000,경기 경기-하남시,"임종현 씨는 하남에 거주하며 철도 전선 가설원으로 일하는 50대 가장으로, 투박한 겉모습 뒤에 가족에 대한 깊은 사랑과 안전한 퇴직을 꿈꾸는 성실한 기술자입니다. 주요 강점은 고전압 전차선 가설 및 장력 조절, 철도 전기 설비 안전 점검이며, 일상 관심사는 TV로 KBO 리그 경기 시청, 동네 사우나에서 즐기는 반신욕, 가족과 함께하는 근교 자연 경관 감상입니다. 가족·주거 형태는 배우자·자녀와 거주, 아파트이며, 더 이상의 승진이나 화려한 성취보다는, 정년퇴직 때까지 단 한 건의 안전사고 없이 무사히 현장을 마무리하는 것을 가장 큰 목표로 삼고 있습니다.",0,"은퇴 전 현금흐름 정리와 건강 지출 대비: 경기 경기-하남시 거주, 철도 고가 전선 가설원 생활 패턴을 기준으로 자녀 관련 지출 계획화, 월 고정 주거비 관리, 취미/관심사(TV로 KBO 리그 경기 시청) 지출을 조절하고 강점(고전압 전차선 가설 및 장력 조절)을 활용해 월별 저축 루틴을 유지하기",2500000
70,이희찬,20,철도운송 관련 종사원,Male,29200000,서울 서울-도봉구,"이희찬 씨는 철도 운송 현장의 꼼꼼한 실무자로 성장해 기관사를 꿈꾸는, 책임감 강하고 현실적인 20세 청년입니다. 주요 강점은 열차 운행 스케줄 최적화, 철도 안전 관리 지침 숙지이며, 일상 관심사는 창동 볼링장 팀 경기, 리그 오브 레전드 랭크 게임, 성수동 수제 버거 맛집 탐방입니다. 가족·주거 형태는 부모와 동거, 연립주택이며, 현장에서 쌓은 실무 경험을 발판 삼아 철도 운전 면허를 취득하고, 더 높은 책임감을 가진 기관사가 되어 경제적 자립도를 높이려 합니다.",0,"비상금과 커리어 전환 자금 마련: 서울 서울-도봉구 거주, 철도운송 관련 종사원 생활 패턴을 기준으로 부모님 부양 비용 관리, 주거비 안정화, 취미/관심사(창동 볼링장 팀 경기) 지출을 조절하고 강점(열차 운행 스케줄 최적화)을 활용해 월별 저축 루틴을 유지하기",1730000
71,주지혜,27,석유화학 기술자 및 연구원,Female,58300000,부산 부산-동래구,"주지혜 씨는 부산 동래구에서 어머니와 함께 거주하며 탄소 배출을 줄이는 친환경 화학 소재 전문가를 꿈꾸는 27세의 고소득 석유화학 연구원입니다. 주요 강점은 촉매 성능 및 성분 분석, 화학 공정 시뮬레이션이며, 일상 관심사는 네이버 웹툰 정주행, 온천천 시민공원 산책, 광안리 수제 맥주 시음입니다. 가족·주거 형태는 어머니와 동거, 단독주택이며, 향후에는 탄소 배출을 줄이는 친환경 화학 소재 분야의 독보적인 전문성을 갖춰 업계에서 인정받는 책임 연구원이 되는 것을 목표로 합니다.",0,"비상금과 커리어 전환 자금 마련: 부산 부산-동래구 거주, 석유화학 기술자 및 연구원 생활 패턴을 기준으로 1인 생활비와 자기계발비 통제, 주거비 안정화, 취미/관심사(네이버 웹툰 정주행) 지출을 조절하고 강점(촉매 성능 및 성분 분석)을 활용해 월별 저축 루틴을 유지하기",3210000
72,윤인경,55,주방 보조원,Female,43600000,전라남 전라남-진도군,"윤인경 씨는 진도에서 주방 보조로 일하며 능숙한 손맛과 현대적인 미적 감각을 동시에 지닌, 정 많고 호기심 많은 50대 여성입니다. 주요 강점은 대량 식재료 전처리 및 손질, 전라도 지역 제철 나물 무침이며, 일상 관심사는 노래교실 트로트 배우기, 지역 미용실에서 최신 펌 스타일 시도하기, 해안가 산책하며 야생화 사진 찍기입니다. 가족·주거 형태는 기타2세대, 단독주택이며, 함께 일하는 주방 식구들과 얼굴 붉히는 일 없이 화목하게 지내는 것을 최우선으로 하며, 가끔 자신이 제안한 작은 조리법 변경이 음식 맛을 살려 손님들이 만족해하는 순간에서 보람을 느낍니다.",0,"은퇴 전 현금흐름 정리와 건강 지출 대비: 전라남 전라남-진도군 거주, 주방 보조원 생활 패턴을 기준으로 가족 공동 지출 관리, 주거비 안정화, 취미/관심사(노래교실 트로트 배우기) 지출을 조절하고 강점(대량 식재료 전처리 및 손질)을 활용해 월별 저축 루틴을 유지하기",2030000
73,이지훈,48,하역 및 적재 관련 단순 종사원,Male,30100000,경기 경기-수원시 영통구,"이지훈 씨는 성실한 하역 작업자로 살아오며 이웃에게 신망받는 따뜻한 성품과 건강 관리가 시급한 고도비만이라는 모순을 동시에 가진 인물입니다. 주요 강점은 영상 장비 적재 최적화, 물류 재고 관리이며, 일상 관심사는 지역 배드민턴 클럽 활동, 전국 역사 유적지 탐방, 일식 전문점 맛집 찾기입니다. 가족·주거 형태는 혼자 거주, 아파트이며, 후배 작업자들에게 효율적인 하역 노하우를 전수하는 현장 관리자로 인정받고 싶어 합니다.",0,"가족 생활비와 노후 준비의 균형 확보: 경기 경기-수원시 영통구 거주, 하역 및 적재 관련 단순 종사원 생활 패턴을 기준으로 1인 생활비와 자기계발비 통제, 월 고정 주거비 관리, 취미/관심사(지역 배드민턴 클럽 활동) 지출을 조절하고 강점(영상 장비 적재 최적화)을 활용해 월별 저축 루틴을 유지하기",1630000
74,정연주,21,산업 안전원,Female,32700000,충청북 충청북-청주시 흥덕구,"정연주 씨는 단호한 업무 처리 능력과 20대 초반의 말랑한 감성을 동시에 지닌, 청주의 성실한 산업 안전원입니다. 주요 강점은 산업안전보건법 기반 현장 위험성 평가, 전기 설비 안전 점검 및 유해 요인 분석이며, 일상 관심사는 반려견과 함께하는 동네 산책 및 일상 사진 촬영, 대청호 및 청남대 주변 자연 풍경 출사, 유튜브 브이로그 시청과 음악 큐레이션 감상입니다. 가족·주거 형태는 기타2세대, 아파트이며, 업무적 성취만큼이나 개인의 정서적 안정을 중요하게 여기기에, 효율적인 업무 처리 방식을 찾아 퇴근 후의 삶을 온전히 보장받는 환경을 만드는 데 집중합니다.",0,"비상금과 커리어 전환 자금 마련: 충청북 충청북-청주시 흥덕구 거주, 산업 안전원 생활 패턴을 기준으로 가족 공동 지출 관리, 월 고정 주거비 관리, 취미/관심사(반려견과 함께하는 동네 산책 및 일상 사진 촬영) 지출을 조절하고 강점(산업안전보건법 기반 현장 위험성 평가)을 활용해 월별 저축 루틴을 유지하기",1830000
75,김재운,49,사회 교사,Male,47800000,서울 서울-강서구,"김재운 씨는 학벌보다 현장의 가치를 믿는 강서구의 베테랑 사회 교사로, 당뇨라는 건강상의 약점을 안고 살아가지만 가족에 대한 깊은 사랑과 뛰어난 중재 능력을 통해 주변 사람들에게 신뢰받는 따뜻한 중년 남성입니다. 주요 강점은 사회 이슈의 쉬운 설명 및 강의, 집단 내 갈등 중재 및 관계 회복이며, 일상 관심사는 마곡 지구 주변 공원 산책, 역사 및 시사 관련 유튜브 시청, 가족과 함께 떠나는 국내 자연 경관 여행입니다. 가족·주거 형태는 배우자·자녀와 거주, 아파트이며, 학위라는 제도적 틀에 얽매이지 않고 실질적인 지식으로 인정받은 자신의 경험을 통해, 학교 교육에 적응하지 못하는 아이들이 세상에서 살아남는 법을 가르치는 든든한 조력자가 되고자 합니다.",0,"가족 생활비와 노후 준비의 균형 확보: 서울 서울-강서구 거주, 사회 교사 생활 패턴을 기준으로 자녀 관련 지출 계획화, 월 고정 주거비 관리, 취미/관심사(마곡 지구 주변 공원 산책) 지출을 조절하고 강점(사회 이슈의 쉬운 설명 및 강의)을 활용해 월별 저축 루틴을 유지하기",2470000
76,김재형,54,변호사,Male,49600000,충청남 충청남-계룡시,"김재형 씨는 정교한 법률 지식과 인문학적 감성을 동시에 지닌 50대 군 변호사로, 건강 관리의 필요성을 절감하면서도 술과 담배를 놓지 못하는 인간적인 빈틈이 있는 인물입니다. 주요 강점은 군 행정 쟁송 서면 작성, 국방 관련 법규 해석 및 적용이며, 일상 관심사는 계룡산 둘레길 산책, 인문학 팟캐스트 청취, 동네 헬스장 러닝머신입니다. 가족·주거 형태는 배우자·자녀와 거주, 아파트이며, 전문직으로서의 사회적 권위를 유지하면서도, 자신이 구축한 체계적인 업무 처리 매뉴얼을 후배 변호사들에게 전수하는 멘토로서의 입지를 다지고자 합니다.",0,"은퇴 전 현금흐름 정리와 건강 지출 대비: 충청남 충청남-계룡시 거주, 변호사 생활 패턴을 기준으로 자녀 관련 지출 계획화, 월 고정 주거비 관리, 취미/관심사(계룡산 둘레길 산책) 지출을 조절하고 강점(군 행정 쟁송 서면 작성)을 활용해 월별 저축 루틴을 유지하기",2440000
77,이현석,36,경량 철골공,Male,50800000,인천 인천-미추홀구,"이현석 씨는 가족을 향한 책임감과 전문 시공 팀장이 되겠다는 목표를 가지고 정밀하게 삶을 설계해나가는 성실한 경량 철골공입니다. 주요 강점은 건축 도면 해석 및 실측, 레이저 레벨기 정밀 수평 작업이며, 일상 관심사는 수봉공원 조깅 및 빠르게 걷기, UFC 및 격투기 경기 분석 관람, 전국 나물 비빔밥 및 국수 맛집 탐방입니다. 가족·주거 형태는 배우자·자녀와 거주, 주택 이외의 거처이며, 현장 경험에 이론적 깊이를 더하기 위해 퇴근 후 틈틈이 건축 관련 기능사 자격증 취득을 준비하며 기술적 입지를 다지고 있습니다.",0,"주거 안정과 중기 목돈 마련: 인천 인천-미추홀구 거주, 경량 철골공 생활 패턴을 기준으로 자녀 관련 지출 계획화, 주거비 안정화, 취미/관심사(수봉공원 조깅 및 빠르게 걷기) 지출을 조절하고 강점(건축 도면 해석 및 실측)을 활용해 월별 저축 루틴을 유지하기",2620000
78,이윤환,54,금속 세척기 조작원,Male,47800000,경상남 경상남-거제시,"이윤환 씨는 거제도 조선소 단지에서 묵묵히 기계를 돌리며, 롯데 자이언츠와 가족, 그리고 소박한 시장 밥상에 만족하며 살아가는 50대 미혼 남성입니다. 주요 강점은 산업용 금속 세척 설비 운용, 화학 세정제 배합 및 농도 관리이며, 일상 관심사는 롯데 자이언츠 야구 경기 관람, 거제면 숲길 산책 및 등산, 유튜브 e스포츠 경기 하이라이트 시청입니다. 가족·주거 형태는 혼자 거주, 아파트이며, 갑작스러운 변화보다는 현재의 숙련도를 유지하며 사고 없이 정년까지 무사히 근무하는 것을 최우선으로 하며, 동료들에게 믿음직한 선임으로 남기를 바랍니다.",0,"은퇴 전 현금흐름 정리와 건강 지출 대비: 경상남 경상남-거제시 거주, 금속 세척기 조작원 생활 패턴을 기준으로 1인 생활비와 자기계발비 통제, 월 고정 주거비 관리, 취미/관심사(롯데 자이언츠 야구 경기 관람) 지출을 조절하고 강점(산업용 금속 세척 설비 운용)을 활용해 월별 저축 루틴을 유지하기",2470000
79,김제원,29,무직,Male,0,서울 서울-마포구,"김제원 씨는 마포구에 거주하며 안정적인 건설사 취업을 준비하는, 현실적이고 부드러운 성격을 가진 29세 공학도입니다. 주요 강점은 오토캐드 도면 설계, 건축 구조 역학 계산이며, 일상 관심사는 인왕산 자락길 산책, 리움미술관 전시 관람, 일본 도쿄 빈티지 숍 쇼핑입니다. 가족·주거 형태는 어머니와 동거, 아파트이며, 너무 튀지 않으면서도 자신의 몫을 충분히 해낼 수 있는 중견 건설사의 설계팀에 들어가, 정해진 퇴근 시간 이후의 개인적인 삶이 보장되는 안정적인 직장인이 되기를 바랍니다.",0,"비상금과 커리어 전환 자금 마련: 서울 서울-마포구 거주, 무직 생활 패턴을 기준으로 1인 생활비와 자기계발비 통제, 월 고정 주거비 관리, 취미/관심사(인왕산 자락길 산책) 지출을 조절하고 강점(오토캐드 도면 설계)을 활용해 월별 저축 루틴을 유지하기",500000
80,김이현,23,제관기 조작원,Male,27000000,인천 인천-미추홀구,"김이현 씨는 인천에서 제관기를 다루는 기술직 청년으로, 대가족의 따뜻함과 식도락의 즐거움 사이에서 즉흥적으로 살아가는 20대입니다. 주요 강점은 제관기 정밀 조작, 금속 도면 해석이며, 일상 관심사는 전국 유명 고기 맛집 탐방, 코인 노래방 최신곡 부르기, 전략 보드게임입니다. 가족·주거 형태는 기타3세대, 주택 이외의 거처이며, 당장은 기계 조작 숙련도를 높이는 데 집중하고 있으며, 나중에는 현장 흐름을 꿰뚫는 관리자가 되어 작업 효율을 개선하는 성취감을 느끼고 싶어 합니다.",0,"비상금과 커리어 전환 자금 마련: 인천 인천-미추홀구 거주, 제관기 조작원 생활 패턴을 기준으로 1인 생활비와 자기계발비 통제, 주거비 안정화, 취미/관심사(전국 유명 고기 맛집 탐방) 지출을 조절하고 강점(제관기 정밀 조작)을 활용해 월별 저축 루틴을 유지하기",1550000
81,김혁재,44,경기 기록원,Male,51100000,대전 대전-유성구,"김혁재 씨는 유성구의 단독주택에 살며 야구 기록원으로 일하는, 수학적 냉철함과 인간적인 느슨함을 동시에 가진 40대 미혼 남성입니다. 주요 강점은 야구 공식 기록법, 실시간 경기 데이터 집계이며, 일상 관심사는 대청호반 드라이브, 괴산 숲속 캠핑, 일본식 텐동 맛집 탐방입니다. 가족·주거 형태는 혼자 거주, 단독주택이며, 큰 명예나 고소득보다는 좋아하는 스포츠 현장에 계속 머무르며 기록원으로서의 전문성을 유지하고, 퇴근 후에는 내 집 마당에서 소박하게 시간을 보내는 평온한 일상을 지키려 합니다.",0,"가족 생활비와 노후 준비의 균형 확보: 대전 대전-유성구 거주, 경기 기록원 생활 패턴을 기준으로 1인 생활비와 자기계발비 통제, 주거비 안정화, 취미/관심사(대청호반 드라이브) 지출을 조절하고 강점(야구 공식 기록법)을 활용해 월별 저축 루틴을 유지하기",2770000
82,서진석,38,식품 영업원,Male,61700000,경기 경기-부천시 원미구,"서진석 씨는 ICT 전공 지식을 영업에 녹여내는 유능한 식품 영업원이자, 인테리어 소품 수집과 나홀로 여행을 즐기는 30대 후반의 미혼 남성입니다. 주요 강점은 거래처 맞춤형 납품 경로 최적화, 식품 유통 시장 트렌드 분석이며, 일상 관심사는 성수동 가구 거리 투어, 유튜브 인테리어 채널 시청, 전국 유명 수제버거 맛집 방문입니다. 가족·주거 형태는 부모와 동거, 아파트이며, 부천 원미구의 오래된 동네에서 성장하며 도시의 편리함과 정겨움을 동시에 경험했고, 대학 시절 정보통신기술을 전공하며 디지털 전환기를 몸소 겪었으나 현재는 부모님과 함께 살며 효도와 독립 사이의 미묘한 갈등을 안고 살아가는 30대 후반입니다.",0,"주거 안정과 중기 목돈 마련: 경기 경기-부천시 원미구 거주, 식품 영업원 생활 패턴을 기준으로 부모님 부양 비용 관리, 월 고정 주거비 관리, 취미/관심사(성수동 가구 거리 투어) 지출을 조절하고 강점(거래처 맞춤형 납품 경로 최적화)을 활용해 월별 저축 루틴을 유지하기",3390000
83,김미경,45,무직,Female,0,경기 경기-고양시 일산동구,"김미경 씨는 가족의 갈등 속에서도 긍정적인 사회성과 계획성을 바탕으로 산림치유지도사라는 새로운 꿈을 꾸며 살아가는 40대 여성입니다. 주요 강점은 그룹 여행 세부 일정 설계, 갈등 중재 및 정서적 케어이며, 일상 관심사는 가평 숲속 캠핑 및 삼림욕, 동남아시아 요리 맛집 탐방, 모바일 전략 및 퍼즐 게임입니다. 가족·주거 형태는 자녀와 거주 (배우자 별거), 아파트이며, 타인의 마음을 잘 읽는 강점을 살려 나중에 비슷한 처지의 사람들을 돕는 작은 상담소나 커뮤니티 공간을 운영하고 싶어 합니다.",0,"가족 생활비와 노후 준비의 균형 확보: 경기 경기-고양시 일산동구 거주, 무직 생활 패턴을 기준으로 자녀 관련 지출 계획화, 월 고정 주거비 관리, 취미/관심사(가평 숲속 캠핑 및 삼림욕) 지출을 조절하고 강점(그룹 여행 세부 일정 설계)을 활용해 월별 저축 루틴을 유지하기",500000
84,김동연,54,보육교사,Female,51200000,경기 경기-수원시 영통구,"김동연 씨는 수원 영통에서 보육교사로 일하며 성실한 일상을 살아가지만, 내면에는 예술적 상상력과 자유로운 삶을 꿈꾸는 50대 여성입니다. 주요 강점은 영유아 발달 단계별 맞춤형 관찰 기록, 창의적 놀이 중심 교육 프로그램 설계이며, 일상 관심사는 광교 호수공원 숲길 산책, 일본 고전 만화 정주행, 동네 목욕탕에서 즐기는 온욕입니다. 가족·주거 형태는 배우자·자녀와 거주, 아파트이며, 먼 미래에는 아이들과 함께 그림책을 만들거나 작은 예술 공방을 운영하며 교육과 예술이 맞물린 삶을 사는 것을 바랍니다.",0,"은퇴 전 현금흐름 정리와 건강 지출 대비: 경기 경기-수원시 영통구 거주, 보육교사 생활 패턴을 기준으로 자녀 관련 지출 계획화, 월 고정 주거비 관리, 취미/관심사(광교 호수공원 숲길 산책) 지출을 조절하고 강점(영유아 발달 단계별 맞춤형 관찰 기록)을 활용해 월별 저축 루틴을 유지하기",2520000
85,김현지,25,무직,Female,0,광주 광주-광산구,"김현지 씨는 광주에서 공무원 시험을 준비하며 엄격한 자기 관리와 활발한 사교성을 동시에 가진 25세 청년입니다. 주요 강점은 효율적인 일정 관리 툴 활용, 분위기를 주도하는 대화법이며, 일상 관심사는 새벽 수영과 헬스, 천연 발효종 빵집 탐방, 나물 위주의 한식 요리입니다. 가족·주거 형태는 혼자 거주, 아파트이며, 사회적으로 인정받는 위치에 오르고 싶어 하는 욕심이 있어, 공부하는 틈틈이 실무 자격증 취득에 매달리기도 합니다.",0,"비상금과 커리어 전환 자금 마련: 광주 광주-광산구 거주, 무직 생활 패턴을 기준으로 1인 생활비와 자기계발비 통제, 월 고정 주거비 관리, 취미/관심사(새벽 수영과 헬스) 지출을 조절하고 강점(효율적인 일정 관리 툴 활용)을 활용해 월별 저축 루틴을 유지하기",500000
86,배정연,57,무직,Female,0,경상북 경상북-영천시,"배정연 씨는 경북 영천에서 알뜰한 살림 솜씨와 배드민턴으로 활력을 찾는, 실용적이고 강단 있는 50대 후반의 여성입니다. 주요 강점은 가성비 높은 지역 맛집 리스트업, 효율적인 가계 지출 관리이며, 일상 관심사는 영천 시내 일식 전문점 탐방, 지역 배드민턴 동호회 활동, 최신 뷰티 관리 및 미용실 방문입니다. 가족·주거 형태는 배우자와 거주, 아파트이며, 사회적인 성공이나 직함보다는 매일의 컨디션을 일정하게 유지하는 건강 관리에 집중하며, 남편과 함께 전국 곳곳의 도시를 여유롭게 둘러보는 소박한 여행의 즐거움을 누리고자 합니다.",0,"은퇴 전 현금흐름 정리와 건강 지출 대비: 경상북 경상북-영천시 거주, 무직 생활 패턴을 기준으로 가족 공동 지출 관리, 월 고정 주거비 관리, 취미/관심사(영천 시내 일식 전문점 탐방) 지출을 조절하고 강점(가성비 높은 지역 맛집 리스트업)을 활용해 월별 저축 루틴을 유지하기",500000
87,오경옥,51,무직,Female,0,광주 광주-북구,"오경옥 씨는 광주 북구에서 이웃들과 어울리며 요리와 수집, 산책으로 여유를 즐기는 소탈하고 정감 넘치는 50대 주부입니다. 주요 강점은 제철 나물 무침 및 밑반찬 조리, 모임 분위기 주도 및 중재이며, 일상 관심사는 담양 숲길 및 자연 풍경 산책, 지역 유명 빵집 투어, 유튜브 건강 레시피 시청입니다. 가족·주거 형태는 배우자와 거주, 아파트이며, 가끔은 동네 작은 공방에서 소품을 만들어 팔거나 취미를 공유하는 소모임을 운영해보고 싶다는 생각을 합니다.",0,"은퇴 전 현금흐름 정리와 건강 지출 대비: 광주 광주-북구 거주, 무직 생활 패턴을 기준으로 가족 공동 지출 관리, 월 고정 주거비 관리, 취미/관심사(담양 숲길 및 자연 풍경 산책) 지출을 조절하고 강점(제철 나물 무침 및 밑반찬 조리)을 활용해 월별 저축 루틴을 유지하기",500000
88,서경덕,53,건물 경비원,Male,34100000,전라남 전라남-여수시,"서경덕 씨는 여수에서 자녀를 홀로 키우며 성실하게 아파트 경비원으로 근무하는, 책임감 강하고 정 많은 50대 아버지입니다. 주요 강점은 단지 내 시설물 상시 점검 및 유지보수 보고, 입주민 민원 응대 및 갈등 중재이며, 일상 관심사는 유튜브 시사 및 정치 분석 채널 시청, 오동도와 해양공원 둘레길 산책, 지역 지인들과의 소규모 술모임입니다. 가족·주거 형태는 자녀와 거주 (한부모), 아파트이며, 고혈압과 혈당 관리를 철저히 해서 정년 이후에도 건강하게 소일거리를 찾을 수 있는 몸 상태를 만드는 것이 가장 큰 현실적 목표입니다.",0,"은퇴 전 현금흐름 정리와 건강 지출 대비: 전라남 전라남-여수시 거주, 건물 경비원 생활 패턴을 기준으로 부모님 부양 비용 관리, 월 고정 주거비 관리, 취미/관심사(유튜브 시사 및 정치 분석 채널 시청) 지출을 조절하고 강점(단지 내 시설물 상시 점검 및 유지보수 보고)을 활용해 월별 저축 루틴을 유지하기",1790000
89,김서연,50,금형원,Female,50300000,인천 인천-남동구,"김서연 씨는 인천 남동공단의 정밀 금형 기술자로서 성실하게 살아오며 가족과 소박한 일상의 행복을 소중히 여기는 50대 여성입니다. 주요 강점은 정밀 도면 해독 및 분석, 금형 마모 진단 및 정밀 수정이며, 일상 관심사는 소래습지생태공원 조깅, 임영웅 노래 감상, 남동구 단골 분식집 방문입니다. 가족·주거 형태는 배우자·자녀와 거주, 다세대주택이며, 무리한 직책 상승보다는 지금의 숙련도를 유지하며 정년까지 사고 없이 안정적으로 현장을 지키는 것에 가치를 둡니다.",0,"은퇴 전 현금흐름 정리와 건강 지출 대비: 인천 인천-남동구 거주, 금형원 생활 패턴을 기준으로 자녀 관련 지출 계획화, 월 고정 주거비 관리, 취미/관심사(소래습지생태공원 조깅) 지출을 조절하고 강점(정밀 도면 해독 및 분석)을 활용해 월별 저축 루틴을 유지하기",2470000
90,김하영,28,무직,Female,0,서울 서울-구로구,"김하영 씨는 서양 미술사 전공의 지식과 섬세한 분석력을 갖췄지만, 현실의 벽 앞에서 방황하며 구로구 부모님 댁에서 큐레이터의 꿈을 키워가는 20대 후반의 취준생입니다. 주요 강점은 미술 작품 도판 분석, 전시 기획 초안 작성이며, 일상 관심사는 독립 출판물 및 아트북 수집, 안양천 산책로 걷기, 넷플릭스 예술 다큐멘터리 시청입니다. 가족·주거 형태는 부모와 동거, 주택 이외의 거처이며, 국립현대미술관과 같은 공공 기관의 큐레이터나 독립 갤러리의 디렉터를 꿈꾸며, 자신의 관점이 담긴 전시를 통해 대중과 소통하는 순간을 기다리고 있지만 반복되는 취업 실패에 마음을 졸이기도 합니다.",0,"비상금과 커리어 전환 자금 마련: 서울 서울-구로구 거주, 무직 생활 패턴을 기준으로 부모님 부양 비용 관리, 주거비 안정화, 취미/관심사(독립 출판물 및 아트북 수집) 지출을 조절하고 강점(미술 작품 도판 분석)을 활용해 월별 저축 루틴을 유지하기",500000
91,박제규,24,양식 조리사,Male,34700000,전라남 전라남-나주시,"박제규 씨는 나주에서 부모님과 함께 살며 교육학 전공 후 양식 조리사의 길을 걷고 있는, 현실적이면서도 다정한 20대 청년입니다. 주요 강점은 수비드 스테이크 조리, 라구 소스 베이스 제조이며, 일상 관심사는 나주시민체육센터 배드민턴, 전국 노포 맛집 탐방, 수제 버거 브랜드 투어입니다. 가족·주거 형태는 부모와 동거, 단독주택이며, 화려한 파인 다이닝보다는 매일 먹어도 질리지 않는 정갈한 동네 식당의 주인이 되어 안정적인 생활 기반을 닦고자 합니다.",0,"비상금과 커리어 전환 자금 마련: 전라남 전라남-나주시 거주, 양식 조리사 생활 패턴을 기준으로 부모님 부양 비용 관리, 주거비 안정화, 취미/관심사(나주시민체육센터 배드민턴) 지출을 조절하고 강점(수비드 스테이크 조리)을 활용해 월별 저축 루틴을 유지하기",2050000
92,이미진,53,무직,Female,0,서울 서울-성북구,"이미진 씨는 성북구 정릉동에서 자녀와 함께 살며 뛰어난 살림 솜씨와 예술적 취향을 통해 소소한 평온을 찾아가는 50대 여성입니다. 주요 강점은 제철 식재료 선별, 한식 찌개 및 밑반찬 조리이며, 일상 관심사는 국립현대미술관 전시 관람, 지역 주민센터 배드민턴, 모바일 퍼즐 게임입니다. 가족·주거 형태는 자녀와 거주 (한부모), 단독주택이며, 가끔은 정성껏 만든 음식을 주변에 나누며 동네 사람들에게 인정받는 소소한 기쁨을 누리고 싶어 합니다.",0,"은퇴 전 현금흐름 정리와 건강 지출 대비: 서울 서울-성북구 거주, 무직 생활 패턴을 기준으로 부모님 부양 비용 관리, 주거비 안정화, 취미/관심사(국립현대미술관 전시 관람) 지출을 조절하고 강점(제철 식재료 선별)을 활용해 월별 저축 루틴을 유지하기",500000
93,심명준,33,일식 조리사,Male,46400000,서울 서울-강북구,"심명준 씨는 정교한 조리 기술과 경영 마인드를 갖춘 33세 일식 조리사로, 내실 있는 삶과 자신만의 작은 공간을 꿈꾸는 실용주의자입니다. 주요 강점은 에돔마에 초밥 조리, 식재료 원가 및 재고 관리이며, 일상 관심사는 강북구 스크린 골프, 3쿠션 당구, 동해안 나홀로 여행입니다. 가족·주거 형태는 부모와 동거, 아파트이며, 화려한 대형 매장보다는 예약제로만 운영되는 작은 스시 바를 열어, 식재료 선정부터 공간의 조도와 음악까지 자신의 철학이 담긴 세밀한 통제권을 갖춘 운영자가 되고자 합니다.",0,"주거 안정과 중기 목돈 마련: 서울 서울-강북구 거주, 일식 조리사 생활 패턴을 기준으로 부모님 부양 비용 관리, 월 고정 주거비 관리, 취미/관심사(강북구 스크린 골프) 지출을 조절하고 강점(에돔마에 초밥 조리)을 활용해 월별 저축 루틴을 유지하기",2550000
94,강성민,51,무직,Male,0,경상남 경상남-거창군,"강성민 씨는 거창의 정겨운 분위기 속에서 손재주와 블로그 활동으로 소소한 성취감을 찾는, 배 나온 푸근한 인상의 50대 가장입니다. 주요 강점은 가정용 전기 배선 수리, 단독주택 외벽 및 지붕 보수이며, 일상 관심사는 거창 지역 식당 탐방 및 블로그 포스팅, 유튜브 가전제품 및 자동차 리뷰 시청, 동네 지인들과의 노래방 방문입니다. 가족·주거 형태는 배우자·자녀와 거주, 단독주택이며, 거창의 숨은 명소와 맛집을 기록하는 블로그를 꾸준히 키워 지역 사회에 소소하게 기여하거나, 소규모 수리 일을 통해 용돈 벌이를 계획합니다.",0,"은퇴 전 현금흐름 정리와 건강 지출 대비: 경상남 경상남-거창군 거주, 무직 생활 패턴을 기준으로 자녀 관련 지출 계획화, 주거비 안정화, 취미/관심사(거창 지역 식당 탐방 및 블로그 포스팅) 지출을 조절하고 강점(가정용 전기 배선 수리)을 활용해 월별 저축 루틴을 유지하기",500000
95,이세린,24,조사 전문가,Female,30300000,대구 대구-달성군,"이세린 씨는 대구 달성군에서 가족과 함께 살며 도매 시장 조사 업무를 수행하는, 차분한 내면과 강한 가족애를 지닌 20대 사회초년생입니다. 주요 강점은 시장 가격 동향 분석, 심층 인터뷰 설계 및 수행이며, 일상 관심사는 비슬산 산책로 사진 촬영, 동네 배드민턴 경기, 인디 음악 감상입니다. 가족·주거 형태는 부모·조모와 동거, 아파트이며, 경제적 자립도를 높여 부모님과 할머니가 편히 쉴 수 있는 더 쾌적한 주거 환경을 마련해 드리는 것을 현실적인 목표로 두고 있습니다.",0,"비상금과 커리어 전환 자금 마련: 대구 대구-달성군 거주, 조사 전문가 생활 패턴을 기준으로 부모님 부양 비용 관리, 월 고정 주거비 관리, 취미/관심사(비슬산 산책로 사진 촬영) 지출을 조절하고 강점(시장 가격 동향 분석)을 활용해 월별 저축 루틴을 유지하기",1790000
96,김청,37,한식 조리사,Female,44400000,광주 광주-광산구,"김청 씨는 광주에서 한식 조리사로 일하며 어머니와의 안정적인 삶과 소박한 식당 운영의 꿈을 키워가는 신중한 성격의 여성입니다. 주요 강점은 제철 식재료 손질 및 보관, 전통 장류를 활용한 양념 배합이며, 일상 관심사는 전국 노포 음식점 탐방, 베란다 텃밭 가꾸기, 국립아시아문화전당 전시 관람입니다. 가족·주거 형태는 어머니와 동거, 주택 이외의 거처이며, 무리한 사업 확장보다는 매일 정해진 인원이 충분히 만족하고 돌아가는 안정적인 운영을 지향합니다.",0,"주거 안정과 중기 목돈 마련: 광주 광주-광산구 거주, 한식 조리사 생활 패턴을 기준으로 1인 생활비와 자기계발비 통제, 주거비 안정화, 취미/관심사(전국 노포 음식점 탐방) 지출을 조절하고 강점(제철 식재료 손질 및 보관)을 활용해 월별 저축 루틴을 유지하기",2370000
97,서나현,40,보육교사,Female,56900000,충청북 충청북-청주시 상당구,"서나현 씨는 청주에서 보육교사로 일하며 가족과의 소소한 행복과 현실적인 안정을 추구하는, 유연하고 생활력 강한 40대 여성입니다. 주요 강점은 영유아 발달 단계별 맞춤 놀이 지도, 학부모 심리 상담 및 갈등 조율이며, 일상 관심사는 무심천 산책, TV 스포츠 중계 시청, 동네 카페 수다 모임입니다. 가족·주거 형태는 배우자·자녀와 거주, 아파트이며, 거창한 승진이나 명예보다는 현재의 안정적인 고용 상태를 유지하며, 틈틈이 실무에 바로 적용 가능한 보육 최신 트렌드를 익혀 아이들에게 더 유용한 환경을 만들어주는 것에 만족합니다.",0,"가족 생활비와 노후 준비의 균형 확보: 충청북 충청북-청주시 상당구 거주, 보육교사 생활 패턴을 기준으로 자녀 관련 지출 계획화, 월 고정 주거비 관리, 취미/관심사(무심천 산책) 지출을 조절하고 강점(영유아 발달 단계별 맞춤 놀이 지도)을 활용해 월별 저축 루틴을 유지하기",2940000
98,구현정,36,보육교사,Female,51600000,제주 제주-제주시,"구현정 씨는 제주시에서 아이들을 사랑하는 보육교사로 일하며, 자연 속에서의 휴식과 사람 사이의 온기를 통해 삶의 균형을 맞추려 노력하는 36세 여성입니다. 주요 강점은 영유아 발달 단계별 맞춤 상담, 갈등 중재 및 정서 케어이며, 일상 관심사는 탑동 해안도로 조깅, 사려니숲길 가족 산책, 지역 맘카페 소모임 활동입니다. 가족·주거 형태는 배우자·자녀와 거주, 아파트이며, 지금은 보육 현장에서 아이들과 호흡하고 있지만, 전공 지식을 살려 나중에는 경계 없는 통합 보육 환경을 만드는 센터 운영을 꿈꿉니다.",0,"주거 안정과 중기 목돈 마련: 제주 제주-제주시 거주, 보육교사 생활 패턴을 기준으로 자녀 관련 지출 계획화, 월 고정 주거비 관리, 취미/관심사(탑동 해안도로 조깅) 지출을 조절하고 강점(영유아 발달 단계별 맞춤 상담)을 활용해 월별 저축 루틴을 유지하기",2800000
99,김성훈,25,"전직 그 외 물품 이동 장비 조작원, 현재 구직중",Male,0,전라남 전라남-목포시,"김성훈 씨는 목포에서 지게차 운전 경력을 가진 구직자로, 유달산 산책과 잔나비의 음악을 즐기며 안정적이고 여유로운 삶을 지향하는 25세 청년입니다. 주요 강점은 지게차 운전 및 정밀 적재, 물류 창고 공간 효율화 배치이며, 일상 관심사는 유튜브 인디 음악 감상, 유달산 풍경 사진 찍기, 넷플릭스 예능 정주행입니다. 가족·주거 형태는 혼자 거주, 아파트이며, 급여 수준이 적당하고 인간관계에서 큰 갈등이 없는 무난한 환경의 직장에서 스트레스 없이 오래 일하는 것을 목표로 합니다.",0,"비상금과 커리어 전환 자금 마련: 전라남 전라남-목포시 거주, 전직 그 외 물품 이동 장비 조작원, 현재 구직중 생활 패턴을 기준으로 1인 생활비와 자기계발비 통제, 월 고정 주거비 관리, 취미/관심사(유튜브 인디 음악 감상) 지출을 조절하고 강점(지게차 운전 및 정밀 적재)을 활용해 월별 저축 루틴을 유지하기",500000
100,박회성,50,통신장비 기사,Male,46300000,강원 강원-속초시,"박회성 씨는 속초의 통신망을 꿰뚫고 있는 숙련된 기술자이자, 낮은 소득의 현실 속에서도 가족을 위해 묵묵히 헌신하며 소박한 일상의 행복을 찾는 50대 가장입니다. 주요 강점은 광케이블 접속 및 유지보수, 통신 단자함 정밀 점검이며, 일상 관심사는 청초호 주변 산책 및 친구 모임, 유튜브 IT 및 역사 콘텐츠 시청, 지역 신문 및 잡지 탐독입니다. 가족·주거 형태는 배우자·자녀와 거주, 아파트이며, 성실함을 무기로 더 안정적인 계약 조건의 일자리를 찾거나, 먼 미래에는 소규모 통신 유지보수 업체를 운영하며 자녀들의 뒷바라지를 마무리하는 것을 꿈꿉니다.",0,"은퇴 전 현금흐름 정리와 건강 지출 대비: 강원 강원-속초시 거주, 통신장비 기사 생활 패턴을 기준으로 자녀 관련 지출 계획화, 월 고정 주거비 관리, 취미/관심사(청초호 주변 산책 및 친구 모임) 지출을 조절하고 강점(광케이블 접속 및 유지보수)을 활용해 월별 저축 루틴을 유지하기",2280000
