user_id,month,monthly_total_amount,transaction_count,monthly_budget_usage_rate_percent,previous_month_change_rate_percent,fixed_cost_amount,variable_cost_amount,subscription_total,top_category,top_category_amount,top_category_ratio_percent,frictionless_spending_ratio_percent,installment_amount,installment_ratio_percent,source_module
1,2026-01,2765200,77,177.2564,0.0,0,2765200,6200,납부,1371900,49.613,41.8053,752400,27.2096,catcher_llm.analysis.user_monthly_analysis
1,2026-02,2242800,102,143.7692,-18.8919,0,2242800,9300,납부,870200,38.7997,74.3044,258700,11.5347,catcher_llm.analysis.user_monthly_analysis
1,2026-03,1910500,70,122.4679,-14.8163,0,1910500,9100,납부,766700,40.1309,60.6124,181100,9.4792,catcher_llm.analysis.user_monthly_analysis
1,2026-04,3497700,72,224.2115,83.0777,0,3497700,9400,쇼핑,1350300,38.6054,48.2374,1561100,44.6322,catcher_llm.analysis.user_monthly_analysis
2,2026-01,3343600,83,164.7094,0.0,0,3343600,0,의료,1057600,31.6306,36.4128,490800,14.6788,catcher_llm.analysis.user_monthly_analysis
2,2026-02,4332600,60,213.4286,29.5789,0,4332600,0,쇼핑,2673300,61.702,24.895,2302600,53.1459,catcher_llm.analysis.user_monthly_analysis
2,2026-03,4469000,68,220.1478,3.1482,0,4469000,0,쇼핑,1725100,38.6015,28.5053,1600400,35.8111,catcher_llm.analysis.user_monthly_analysis
2,2026-04,3024300,100,148.9803,-32.3271,0,3024300,0,납부,1403600,46.4107,41.4046,147700,4.8838,catcher_llm.analysis.user_monthly_analysis
3,2026-01,3953900,65,155.0549,0.0,0,3953900,0,교육,1173400,29.677,52.9503,566900,14.3377,catcher_llm.analysis.user_monthly_analysis
3,2026-02,3689800,83,144.698,-6.6795,0,3689800,0,납부,1736000,47.0486,35.8095,606000,16.4237,catcher_llm.analysis.user_monthly_analysis
3,2026-03,4602000,98,180.4706,24.7222,0,4602000,0,쇼핑,1613400,35.0587,42.8814,877400,19.0656,catcher_llm.analysis.user_monthly_analysis
3,2026-04,3849000,73,150.9412,-16.3625,0,3849000,0,납부,1381100,35.882,35.9704,1218100,31.6472,catcher_llm.analysis.user_monthly_analysis
4,2026-01,3915200,95,138.8369,0.0,0,3915200,0,납부,1254900,32.052,38.6213,602700,15.3938,catcher_llm.analysis.user_monthly_analysis
4,2026-02,4237100,93,150.2518,8.2218,0,4237100,0,쇼핑,1951400,46.0551,30.738,1667600,39.3571,catcher_llm.analysis.user_monthly_analysis
4,2026-03,4665800,100,165.4539,10.1178,0,4665800,0,교육,1350800,28.9511,55.2788,991700,21.2547,catcher_llm.analysis.user_monthly_analysis
4,2026-04,4986100,81,176.8121,6.8648,0,4986100,0,쇼핑,2034800,40.8095,15.1922,2282900,45.7853,catcher_llm.analysis.user_monthly_analysis
5,2026-01,2253900,77,130.2832,0.0,0,2253900,0,납부,934000,41.4393,66.9284,350200,15.5375,catcher_llm.analysis.user_monthly_analysis
5,2026-02,2770500,59,160.1445,22.9203,0,2770500,0,납부,1011200,36.4988,39.5055,302300,10.9114,catcher_llm.analysis.user_monthly_analysis
5,2026-03,2186400,87,126.3815,-21.0828,0,2186400,0,납부,1155000,52.8266,46.7252,53900,2.4652,catcher_llm.analysis.user_monthly_analysis
5,2026-04,2419000,69,139.8266,10.6385,0,2419000,0,납부,644000,26.6226,64.291,0,0.0,catcher_llm.analysis.user_monthly_analysis
6,2026-01,2902100,64,115.1627,0.0,0,2902100,15100,여가,567200,19.5445,45.7048,0,0.0,catcher_llm.analysis.user_monthly_analysis
6,2026-02,3594100,97,142.623,23.8448,0,3594100,10100,납부,1562000,43.4601,46.9436,271100,7.5429,catcher_llm.analysis.user_monthly_analysis
6,2026-03,4125700,66,163.7183,14.7909,0,4125700,10600,납부,719400,17.437,49.5649,37200,0.9017,catcher_llm.analysis.user_monthly_analysis
6,2026-04,3423300,58,135.8452,-17.025,0,3423300,14100,납부,770000,22.4929,57.1787,0,0.0,catcher_llm.analysis.user_monthly_analysis
7,2026-01,1265400,52,253.08,0.0,0,1265400,6500,납부,525700,41.5442,51.8571,412900,32.63,catcher_llm.analysis.user_monthly_analysis
7,2026-02,1376400,84,275.28,8.7719,0,1376400,3300,납부,904100,65.6858,73.0093,136900,9.9462,catcher_llm.analysis.user_monthly_analysis
7,2026-03,1010700,53,202.14,-26.5693,0,1010700,5000,납부,593800,58.7514,47.9272,0,0.0,catcher_llm.analysis.user_monthly_analysis
7,2026-04,925900,53,185.18,-8.3902,0,925900,11600,여가,363100,39.2159,72.7184,187500,20.2506,catcher_llm.analysis.user_monthly_analysis
8,2026-01,2508200,83,248.3366,0.0,0,2508200,0,납부,1194100,47.6078,78.0719,393800,15.7005,catcher_llm.analysis.user_monthly_analysis
8,2026-02,3083800,82,305.3267,22.9487,0,3083800,0,납부,1192400,38.6666,59.3035,1074200,34.8336,catcher_llm.analysis.user_monthly_analysis
8,2026-03,2746800,63,271.9604,-10.9281,0,2746800,0,쇼핑,1007600,36.6827,16.1861,1563300,56.9135,catcher_llm.analysis.user_monthly_analysis
8,2026-04,2445600,67,242.1386,-10.9655,0,2445600,0,의료,641000,26.2103,43.3227,618900,25.3067,catcher_llm.analysis.user_monthly_analysis
9,2026-01,2953500,79,150.6888,0.0,0,2953500,0,납부,941200,31.8673,59.8984,561600,19.0147,catcher_llm.analysis.user_monthly_analysis
9,2026-02,3613200,63,184.3469,22.3362,0,3613200,0,쇼핑,1148600,31.789,18.6704,1294700,35.8325,catcher_llm.analysis.user_monthly_analysis
9,2026-03,2142500,89,109.3112,-40.7035,0,2142500,0,납부,547600,25.5589,32.9055,41800,1.951,catcher_llm.analysis.user_monthly_analysis
9,2026-04,2506900,94,127.9031,17.0082,0,2506900,0,납부,603200,24.0616,23.2797,355100,14.1649,catcher_llm.analysis.user_monthly_analysis
10,2026-01,4556800,67,173.9237,0.0,0,4556800,0,쇼핑,1927600,42.3016,40.4626,1814300,39.8152,catcher_llm.analysis.user_monthly_analysis
10,2026-02,4185200,87,159.7405,-8.1548,0,4185200,0,쇼핑,1204600,28.7824,53.682,341600,8.1621,catcher_llm.analysis.user_monthly_analysis
10,2026-03,4745400,79,181.1221,13.3853,0,4745400,0,납부,1280100,26.9756,28.7816,1296500,27.3212,catcher_llm.analysis.user_monthly_analysis
10,2026-04,3721800,98,142.0534,-21.5704,0,3721800,0,쇼핑,989600,26.5893,39.446,352300,9.4658,catcher_llm.analysis.user_monthly_analysis
11,2026-01,989100,55,197.82,0.0,0,989100,0,납부,825400,83.4496,78.9,0,0.0,catcher_llm.analysis.user_monthly_analysis
11,2026-02,1275400,62,255.08,28.9455,0,1275400,0,납부,814900,63.8937,74.2434,330600,25.9213,catcher_llm.analysis.user_monthly_analysis
11,2026-03,1004900,53,200.98,-21.209,0,1004900,0,납부,691400,68.8029,80.0776,10100,1.0051,catcher_llm.analysis.user_monthly_analysis
11,2026-04,1424800,62,284.96,41.7853,0,1424800,0,납부,1084900,76.144,49.0455,4700,0.3299,catcher_llm.analysis.user_monthly_analysis
12,2026-01,3876600,70,147.9618,0.0,0,3876600,0,쇼핑,1356200,34.9843,24.377,1031500,26.6084,catcher_llm.analysis.user_monthly_analysis
12,2026-02,2673800,85,102.0534,-31.0272,0,2673800,0,납부,933200,34.9016,38.118,36300,1.3576,catcher_llm.analysis.user_monthly_analysis
12,2026-03,4111600,88,156.9313,53.7737,0,4111600,0,의료,1057500,25.7199,40.5195,756600,18.4016,catcher_llm.analysis.user_monthly_analysis
12,2026-04,3892800,91,148.5802,-5.3215,0,3892800,0,납부,1154700,29.6625,45.4454,669500,17.1984,catcher_llm.analysis.user_monthly_analysis
13,2026-01,3742800,57,171.6881,0.0,0,3742800,0,여가,1219500,32.5826,58.6539,355200,9.4902,catcher_llm.analysis.user_monthly_analysis
13,2026-02,3330000,96,152.7523,-11.0292,0,3330000,0,납부,1216000,36.5165,41.2733,536600,16.1141,catcher_llm.analysis.user_monthly_analysis
13,2026-03,2993100,78,137.2982,-10.1171,0,2993100,0,납부,963900,32.2041,54.0476,37200,1.2429,catcher_llm.analysis.user_monthly_analysis
13,2026-04,3655200,94,167.6697,22.1209,0,3655200,0,납부,1374500,37.604,61.2771,382600,10.4673,catcher_llm.analysis.user_monthly_analysis
14,2026-01,1874300,76,131.993,0.0,0,1874300,0,납부,747900,39.9029,49.2931,4600,0.2454,catcher_llm.analysis.user_monthly_analysis
14,2026-02,1763500,79,124.1901,-5.9115,0,1763500,0,납부,914300,51.8458,30.9271,12000,0.6805,catcher_llm.analysis.user_monthly_analysis
14,2026-03,1897800,59,133.6479,7.6155,0,1897800,0,납부,686100,36.1524,22.4102,42700,2.25,catcher_llm.analysis.user_monthly_analysis
14,2026-04,2429700,91,171.1056,28.0272,0,2429700,0,쇼핑,688600,28.3409,48.7756,0,0.0,catcher_llm.analysis.user_monthly_analysis
15,2026-01,3802200,73,138.7664,0.0,0,3802200,0,쇼핑,1888000,49.6555,25.6878,1240000,32.6127,catcher_llm.analysis.user_monthly_analysis
15,2026-02,3691100,63,134.7117,-2.922,0,3691100,0,교육,850600,23.0446,49.7494,584400,15.8327,catcher_llm.analysis.user_monthly_analysis
15,2026-03,4024800,79,146.8905,9.0407,0,4024800,0,여가,1088200,27.0374,56.8699,538600,13.382,catcher_llm.analysis.user_monthly_analysis
15,2026-04,3152500,101,115.0547,-21.6731,0,3152500,0,쇼핑,752800,23.8795,44.0761,360800,11.4449,catcher_llm.analysis.user_monthly_analysis
16,2026-01,3231200,80,105.2508,0.0,0,3231200,14900,쇼핑,776400,24.0282,54.1254,241000,7.4585,catcher_llm.analysis.user_monthly_analysis
16,2026-02,4531100,97,147.5928,40.2296,0,4531100,7100,쇼핑,2057800,45.415,43.0469,973700,21.4893,catcher_llm.analysis.user_monthly_analysis
16,2026-03,3412100,96,111.1433,-24.696,0,3412100,13500,납부,1140500,33.4252,47.6276,24900,0.7298,catcher_llm.analysis.user_monthly_analysis
16,2026-04,4129300,96,134.5049,21.0193,0,4129300,13300,납부,1630900,39.4958,44.7194,803000,19.4464,catcher_llm.analysis.user_monthly_analysis
17,2026-01,2798500,59,119.0851,0.0,0,2798500,0,쇼핑,763800,27.2932,43.5984,457800,16.3588,catcher_llm.analysis.user_monthly_analysis
17,2026-02,3382400,83,143.9319,20.8647,0,3382400,0,납부,895600,26.4782,57.7342,10900,0.3223,catcher_llm.analysis.user_monthly_analysis
17,2026-03,4362700,58,185.6468,28.9824,0,4362700,0,쇼핑,1910700,43.7963,38.6573,1410200,32.324,catcher_llm.analysis.user_monthly_analysis
17,2026-04,2501100,55,106.4298,-42.6708,0,2501100,0,납부,1025800,41.014,48.5786,8500,0.3399,catcher_llm.analysis.user_monthly_analysis
18,2026-01,3051500,71,130.9657,0.0,0,3051500,0,납부,981500,32.1645,54.134,306200,10.0344,catcher_llm.analysis.user_monthly_analysis
18,2026-02,3953800,96,169.691,29.5691,0,3953800,0,납부,1911400,48.3434,61.5964,43200,1.0926,catcher_llm.analysis.user_monthly_analysis
18,2026-03,2951200,75,126.6609,-25.3579,0,2951200,0,쇼핑,1341700,45.4629,60.5618,310900,10.5347,catcher_llm.analysis.user_monthly_analysis
18,2026-04,3739300,85,160.485,26.7044,0,3739300,0,납부,1642000,43.912,48.1106,695200,18.5917,catcher_llm.analysis.user_monthly_analysis
19,2026-01,4637100,54,173.6742,0.0,0,4637100,0,쇼핑,1780100,38.3882,28.2806,1706900,36.8096,catcher_llm.analysis.user_monthly_analysis
19,2026-02,3954000,66,148.0899,-14.7312,0,3954000,0,쇼핑,895600,22.6505,43.0627,18800,0.4755,catcher_llm.analysis.user_monthly_analysis
19,2026-03,4512600,88,169.0112,14.1275,0,4512600,0,쇼핑,1379800,30.5766,40.5886,1383300,30.6542,catcher_llm.analysis.user_monthly_analysis
19,2026-04,5200500,96,194.7753,15.244,0,5200500,0,쇼핑,2285900,43.9554,37.4291,2423200,46.5955,catcher_llm.analysis.user_monthly_analysis
20,2026-01,1493800,65,298.76,0.0,0,1493800,0,납부,874600,58.5487,84.3353,195700,13.1008,catcher_llm.analysis.user_monthly_analysis
20,2026-02,1123900,72,224.78,-24.7624,0,1123900,0,납부,947800,84.3313,77.9874,265100,23.5875,catcher_llm.analysis.user_monthly_analysis
20,2026-03,1402800,86,280.56,24.8154,0,1402800,0,납부,1106800,78.8993,74.1588,53000,3.7782,catcher_llm.analysis.user_monthly_analysis
20,2026-04,1037700,61,207.54,-26.0265,0,1037700,0,납부,500800,48.2606,77.161,4200,0.4047,catcher_llm.analysis.user_monthly_analysis
21,2026-01,3577800,66,146.6311,0.0,0,3577800,0,쇼핑,990300,27.679,42.0454,351800,9.8329,catcher_llm.analysis.user_monthly_analysis
21,2026-02,3641000,78,149.2213,1.7664,0,3641000,0,쇼핑,1458100,40.0467,33.1173,1195100,32.8234,catcher_llm.analysis.user_monthly_analysis
21,2026-03,2989800,57,122.5328,-17.8852,0,2989800,0,쇼핑,1398800,46.7857,25.4532,829000,27.7276,catcher_llm.analysis.user_monthly_analysis
21,2026-04,2369300,89,97.1025,-20.7539,0,2369300,0,여가,496800,20.9682,28.4599,316700,13.3668,catcher_llm.analysis.user_monthly_analysis
22,2026-01,1316200,75,263.24,0.0,0,1316200,0,납부,819000,62.2246,72.451,0,0.0,catcher_llm.analysis.user_monthly_analysis
22,2026-02,813500,78,162.7,-38.1933,0,813500,0,납부,314200,38.6232,77.2956,14400,1.7701,catcher_llm.analysis.user_monthly_analysis
22,2026-03,1176200,70,235.24,44.5851,0,1176200,0,납부,748700,63.6541,72.7257,212300,18.0497,catcher_llm.analysis.user_monthly_analysis
22,2026-04,1081400,56,216.28,-8.0599,0,1081400,0,납부,526600,48.6961,83.9745,188000,17.3849,catcher_llm.analysis.user_monthly_analysis
23,2026-01,1452300,54,290.46,0.0,0,1452300,0,여가,512200,35.2682,60.7175,319900,22.0271,catcher_llm.analysis.user_monthly_analysis
23,2026-02,1007500,65,201.5,-30.6273,0,1007500,0,납부,471400,46.7891,60.4963,247200,24.536,catcher_llm.analysis.user_monthly_analysis
23,2026-03,843000,59,168.6,-16.3275,0,843000,0,납부,386400,45.8363,84.8992,1000,0.1186,catcher_llm.analysis.user_monthly_analysis
23,2026-04,735100,49,147.02,-12.7995,0,735100,0,납부,488800,66.4944,41.559,0,0.0,catcher_llm.analysis.user_monthly_analysis
24,2026-01,4498200,65,156.1875,0.0,0,4498200,0,의료,1092700,24.2919,46.632,1312700,29.1828,catcher_llm.analysis.user_monthly_analysis
24,2026-02,3519700,97,122.2118,-21.7531,0,3519700,0,납부,1491900,42.3871,37.3128,192500,5.4692,catcher_llm.analysis.user_monthly_analysis
24,2026-03,3264200,67,113.3403,-7.2591,0,3264200,0,쇼핑,876400,26.8488,52.0127,785700,24.0702,catcher_llm.analysis.user_monthly_analysis
24,2026-04,3029000,62,105.1736,-7.2054,0,3029000,0,납부,764600,25.2427,35.1238,383300,12.6543,catcher_llm.analysis.user_monthly_analysis
25,2026-01,3844900,73,146.1939,0.0,0,3844900,12800,납부,1148800,29.8785,52.4929,989300,25.7302,catcher_llm.analysis.user_monthly_analysis
25,2026-02,3850500,91,146.4068,0.1456,0,3850500,11000,납부,1441100,37.4263,67.934,602100,15.6369,catcher_llm.analysis.user_monthly_analysis
25,2026-03,3128700,76,118.962,-18.7456,0,3128700,7200,쇼핑,994200,31.7768,53.9777,52300,1.6716,catcher_llm.analysis.user_monthly_analysis
25,2026-04,4320200,90,164.2662,38.0829,0,4320200,12300,납부,1109800,25.6886,43.3174,1085500,25.1262,catcher_llm.analysis.user_monthly_analysis
26,2026-01,2706800,95,127.6792,0.0,0,2706800,0,납부,997800,36.8627,56.9455,12500,0.4618,catcher_llm.analysis.user_monthly_analysis
26,2026-02,2965200,60,139.8679,9.5463,0,2965200,0,여가,835000,28.16,57.6993,274200,9.2473,catcher_llm.analysis.user_monthly_analysis
26,2026-03,2956500,67,139.4575,-0.2934,0,2956500,0,납부,1264100,42.7566,37.0337,675100,22.8344,catcher_llm.analysis.user_monthly_analysis
26,2026-04,4538700,81,214.0896,53.516,0,4538700,0,납부,1294700,28.5258,40.3397,1081700,23.8328,catcher_llm.analysis.user_monthly_analysis
27,2026-01,2739200,95,138.3434,0.0,0,2739200,0,쇼핑,863300,31.5165,60.9594,580500,21.1923,catcher_llm.analysis.user_monthly_analysis
27,2026-02,4484300,73,226.4798,63.7084,0,4484300,0,쇼핑,2203600,49.1403,28.6399,2010400,44.832,catcher_llm.analysis.user_monthly_analysis
27,2026-03,3573000,81,180.4545,-20.322,0,3573000,0,납부,1049700,29.3787,64.3997,862500,24.1394,catcher_llm.analysis.user_monthly_analysis
27,2026-04,2811600,73,142.0,-21.3098,0,2811600,0,의료,925200,32.9065,32.903,860300,30.5982,catcher_llm.analysis.user_monthly_analysis
28,2026-01,2814100,89,158.0955,0.0,0,2814100,0,납부,1233300,43.8257,62.8442,0,0.0,catcher_llm.analysis.user_monthly_analysis
28,2026-02,3047300,58,171.1966,8.2868,0,3047300,0,납부,1171300,38.4373,53.5983,1005900,33.0095,catcher_llm.analysis.user_monthly_analysis
28,2026-03,2794300,81,156.9831,-8.3024,0,2794300,0,납부,1271800,45.5141,58.7195,635600,22.7463,catcher_llm.analysis.user_monthly_analysis
28,2026-04,2906100,71,163.264,4.001,0,2906100,0,납부,1013900,34.8887,64.6365,0,0.0,catcher_llm.analysis.user_monthly_analysis
29,2026-01,1287400,85,257.48,0.0,0,1287400,0,납부,955200,74.1961,41.2149,0,0.0,catcher_llm.analysis.user_monthly_analysis
29,2026-02,1096800,62,219.36,-14.805,0,1096800,0,납부,658300,60.0201,70.9245,228500,20.8333,catcher_llm.analysis.user_monthly_analysis
29,2026-03,1063500,50,212.7,-3.0361,0,1063500,0,납부,559500,52.6093,31.3587,333500,31.3587,catcher_llm.analysis.user_monthly_analysis
29,2026-04,1381600,80,276.32,29.9107,0,1381600,0,납부,761900,55.1462,73.6827,338900,24.5295,catcher_llm.analysis.user_monthly_analysis
30,2026-01,3961800,101,145.6544,0.0,0,3961800,0,납부,1988900,50.2019,58.9934,295600,7.4613,catcher_llm.analysis.user_monthly_analysis
30,2026-02,3409400,57,125.3456,-13.9432,0,3409400,0,쇼핑,1213300,35.5869,58.1187,750600,22.0156,catcher_llm.analysis.user_monthly_analysis
30,2026-03,4745200,89,174.4559,39.1799,0,4745200,0,쇼핑,1805700,38.0532,46.0571,1763600,37.166,catcher_llm.analysis.user_monthly_analysis
30,2026-04,3578800,83,131.5735,-24.5806,0,3578800,0,납부,1331900,37.2164,47.3259,740500,20.6913,catcher_llm.analysis.user_monthly_analysis
31,2026-01,1133200,51,226.64,0.0,0,1133200,4800,납부,740900,65.3812,64.0487,6300,0.5559,catcher_llm.analysis.user_monthly_analysis
31,2026-02,1223100,69,244.62,7.9333,0,1223100,6600,납부,965000,78.8979,83.8198,0,0.0,catcher_llm.analysis.user_monthly_analysis
31,2026-03,1383300,65,276.66,13.0979,0,1383300,5200,납부,892200,64.4979,85.1514,212800,15.3835,catcher_llm.analysis.user_monthly_analysis
31,2026-04,1682400,65,336.48,21.6222,0,1682400,5200,납부,863000,51.2958,55.8607,860800,51.165,catcher_llm.analysis.user_monthly_analysis
32,2026-01,2747500,57,132.0913,0.0,0,2747500,8300,교육,641300,23.3412,43.3813,686800,24.9973,catcher_llm.analysis.user_monthly_analysis
32,2026-02,3232300,84,155.399,17.6451,0,3232300,11500,납부,954300,29.5239,51.3257,840100,25.9908,catcher_llm.analysis.user_monthly_analysis
32,2026-03,3668600,102,176.375,13.4981,0,3668600,11600,쇼핑,1105200,30.1259,45.4288,619500,16.8866,catcher_llm.analysis.user_monthly_analysis
32,2026-04,3121500,60,150.0721,-14.913,0,3121500,15200,납부,795200,25.4749,57.8856,311100,9.9664,catcher_llm.analysis.user_monthly_analysis
33,2026-01,6095300,67,239.9724,0.0,0,6095300,0,쇼핑,3167200,51.9613,27.4441,3139100,51.5003,catcher_llm.analysis.user_monthly_analysis
33,2026-02,3621000,67,142.5591,-40.5936,0,3621000,0,쇼핑,1131400,31.2455,24.4352,1002900,27.6968,catcher_llm.analysis.user_monthly_analysis
33,2026-03,3003900,95,118.2638,-17.0423,0,3003900,0,납부,1055100,35.1243,52.565,29500,0.9821,catcher_llm.analysis.user_monthly_analysis
33,2026-04,4401200,94,173.2756,46.5162,0,4401200,0,쇼핑,1932100,43.8994,24.0321,1469100,33.3795,catcher_llm.analysis.user_monthly_analysis
34,2026-01,955500,90,191.1,0.0,0,955500,0,납부,744700,77.9383,59.3721,0,0.0,catcher_llm.analysis.user_monthly_analysis
34,2026-02,712200,50,142.44,-25.4631,0,712200,0,여가,285100,40.0309,68.5341,278800,39.1463,catcher_llm.analysis.user_monthly_analysis
34,2026-03,1018100,82,203.62,42.9514,0,1018100,0,납부,473800,46.5377,44.7697,2200,0.2161,catcher_llm.analysis.user_monthly_analysis
34,2026-04,1688600,69,337.72,65.858,0,1688600,0,납부,1077600,63.8162,60.2333,165000,9.7714,catcher_llm.analysis.user_monthly_analysis
35,2026-01,1080800,64,216.16,0.0,0,1080800,4800,납부,601700,55.6717,54.0711,8100,0.7494,catcher_llm.analysis.user_monthly_analysis
35,2026-02,984700,65,196.94,-8.8916,0,984700,4800,납부,786300,79.8517,77.9222,1800,0.1828,catcher_llm.analysis.user_monthly_analysis
35,2026-03,1457000,52,291.4,47.9638,0,1457000,8800,여가,701500,48.1469,75.5045,223100,15.3123,catcher_llm.analysis.user_monthly_analysis
35,2026-04,1009400,53,201.88,-30.7207,0,1009400,9900,납부,438400,43.4317,66.1284,241800,23.9548,catcher_llm.analysis.user_monthly_analysis
36,2026-01,3562700,60,130.9816,0.0,0,3562700,0,납부,1224600,34.3728,36.1495,88100,2.4728,catcher_llm.analysis.user_monthly_analysis
36,2026-02,5290800,94,194.5147,48.5053,0,5290800,0,쇼핑,1939300,36.6542,35.9927,1863500,35.2215,catcher_llm.analysis.user_monthly_analysis
36,2026-03,4160400,101,152.9559,-21.3654,0,4160400,0,납부,1384700,33.2829,63.0492,935600,22.4882,catcher_llm.analysis.user_monthly_analysis
36,2026-04,5275200,79,193.9412,26.7955,0,5275200,0,쇼핑,1888900,35.8072,37.5417,2189100,41.498,catcher_llm.analysis.user_monthly_analysis
37,2026-01,2924300,61,124.4383,0.0,0,2924300,0,납부,1011800,34.5997,59.0774,574700,19.6526,catcher_llm.analysis.user_monthly_analysis
37,2026-02,3291900,65,140.0809,12.5705,0,3291900,0,쇼핑,1701300,51.6814,34.6821,962700,29.2445,catcher_llm.analysis.user_monthly_analysis
37,2026-03,3876700,74,164.966,17.7648,0,3876700,0,쇼핑,1902700,49.0804,42.5671,1217500,31.4056,catcher_llm.analysis.user_monthly_analysis
37,2026-04,4082100,99,173.7064,5.2983,0,4082100,0,쇼핑,1862100,45.6162,30.3349,1236000,30.2785,catcher_llm.analysis.user_monthly_analysis
38,2026-01,2725300,81,148.1141,0.0,0,2725300,0,납부,1081800,39.6947,54.3647,19100,0.7008,catcher_llm.analysis.user_monthly_analysis
38,2026-02,2521900,96,137.0598,-7.4634,0,2521900,0,납부,998300,39.5852,61.6797,101100,4.0089,catcher_llm.analysis.user_monthly_analysis
38,2026-03,2616200,65,142.1848,3.7392,0,2616200,0,납부,937900,35.8497,50.6957,295800,11.3065,catcher_llm.analysis.user_monthly_analysis
38,2026-04,4260600,84,231.5543,62.8545,0,4260600,0,쇼핑,1734200,40.7032,27.4281,1456300,34.1806,catcher_llm.analysis.user_monthly_analysis
39,2026-01,1551600,57,310.32,0.0,0,1551600,0,납부,656200,42.2918,45.7914,0,0.0,catcher_llm.analysis.user_monthly_analysis
39,2026-02,1815700,90,363.14,17.0211,0,1815700,0,납부,1279100,70.4467,76.0368,139400,7.6775,catcher_llm.analysis.user_monthly_analysis
39,2026-03,902600,62,180.52,-50.2891,0,902600,0,납부,698400,77.3765,63.1952,206800,22.9116,catcher_llm.analysis.user_monthly_analysis
39,2026-04,1491900,87,298.38,65.2892,0,1491900,0,납부,559200,37.4824,60.8821,324400,21.7441,catcher_llm.analysis.user_monthly_analysis
40,2026-01,3067200,87,105.4021,0.0,0,3067200,0,쇼핑,930500,30.3371,49.4816,230800,7.5248,catcher_llm.analysis.user_monthly_analysis
40,2026-02,4471300,93,153.6529,45.7779,0,4471300,0,납부,1406900,31.4651,54.7134,1399700,31.3041,catcher_llm.analysis.user_monthly_analysis
40,2026-03,4561100,63,156.7388,2.0084,0,4561100,0,쇼핑,2045500,44.8466,29.0149,1360300,29.8239,catcher_llm.analysis.user_monthly_analysis
40,2026-04,4242900,99,145.8041,-6.9764,0,4242900,0,납부,1768800,41.6885,49.716,374400,8.8242,catcher_llm.analysis.user_monthly_analysis
41,2026-01,2885000,60,104.1516,0.0,0,2885000,12700,식비,609300,21.1196,47.2444,0,0.0,catcher_llm.analysis.user_monthly_analysis
41,2026-02,3086400,55,111.4224,6.9809,0,3086400,15400,납부,837800,27.1449,41.9064,0,0.0,catcher_llm.analysis.user_monthly_analysis
41,2026-03,3774100,74,136.2491,22.2816,0,3774100,15900,교육,1011400,26.7984,37.3678,728600,19.3053,catcher_llm.analysis.user_monthly_analysis
41,2026-04,3713800,73,134.0722,-1.5977,0,3713800,9800,의료,738400,19.8826,32.7885,659700,17.7635,catcher_llm.analysis.user_monthly_analysis
42,2026-01,4638600,90,182.622,0.0,0,4638600,0,쇼핑,1739900,37.5092,45.5418,1254100,27.0362,catcher_llm.analysis.user_monthly_analysis
42,2026-02,3730300,94,146.8622,-19.5813,0,3730300,0,교육,1259500,33.764,62.2604,834400,22.3682,catcher_llm.analysis.user_monthly_analysis
42,2026-03,3957200,93,155.7953,6.0826,0,3957200,0,납부,1090800,27.5649,50.6494,53800,1.3595,catcher_llm.analysis.user_monthly_analysis
42,2026-04,4825100,61,189.9646,21.9322,0,4825100,0,쇼핑,1796300,37.2282,40.3308,2047000,42.424,catcher_llm.analysis.user_monthly_analysis
43,2026-01,817700,67,163.54,0.0,0,817700,0,납부,600600,73.4499,76.7519,13100,1.6021,catcher_llm.analysis.user_monthly_analysis
43,2026-02,1902200,63,380.44,132.6281,0,1902200,0,납부,1182600,62.1701,61.2606,613200,32.2364,catcher_llm.analysis.user_monthly_analysis
43,2026-03,1194900,52,238.98,-37.1833,0,1194900,0,납부,701900,58.7413,75.9729,290800,24.3368,catcher_llm.analysis.user_monthly_analysis
43,2026-04,1081000,51,216.2,-9.5322,0,1081000,0,납부,959900,88.7974,83.2747,1300,0.1203,catcher_llm.analysis.user_monthly_analysis
44,2026-01,1300000,52,260.0,0.0,0,1300000,0,납부,927200,71.3231,77.2231,0,0.0,catcher_llm.analysis.user_monthly_analysis
44,2026-02,950000,56,190.0,-26.9231,0,950000,0,납부,426900,44.9368,60.1474,4500,0.4737,catcher_llm.analysis.user_monthly_analysis
44,2026-03,1560800,76,312.16,64.2947,0,1560800,0,납부,979100,62.7307,47.5141,142500,9.1299,catcher_llm.analysis.user_monthly_analysis
44,2026-04,722400,52,144.48,-53.716,0,722400,0,납부,344300,47.6606,65.1301,86200,11.9324,catcher_llm.analysis.user_monthly_analysis
45,2026-01,2930100,71,173.3787,0.0,0,2930100,0,의료,1047500,35.7496,36.7359,633900,21.6341,catcher_llm.analysis.user_monthly_analysis
45,2026-02,3477500,86,205.7692,18.682,0,3477500,0,쇼핑,1686400,48.4946,28.9748,1378900,39.652,catcher_llm.analysis.user_monthly_analysis
45,2026-03,2833300,76,167.6509,-18.5248,0,2833300,0,납부,1143900,40.3734,40.9134,307000,10.8354,catcher_llm.analysis.user_monthly_analysis
45,2026-04,3638200,87,215.2781,28.4086,0,3638200,0,납부,1255700,34.5143,45.7259,1651500,45.3933,catcher_llm.analysis.user_monthly_analysis
46,2026-01,2400900,86,125.7016,0.0,0,2400900,0,쇼핑,739100,30.7843,33.9498,320600,13.3533,catcher_llm.analysis.user_monthly_analysis
46,2026-02,2836000,85,148.4817,18.1224,0,2836000,0,쇼핑,720400,25.402,42.9972,285000,10.0494,catcher_llm.analysis.user_monthly_analysis
46,2026-03,3045400,86,159.445,7.3836,0,3045400,0,납부,1240600,40.7368,38.5861,674800,22.158,catcher_llm.analysis.user_monthly_analysis
46,2026-04,3195700,64,167.3141,4.9353,0,3195700,0,납부,1030400,32.2433,37.7507,382500,11.9692,catcher_llm.analysis.user_monthly_analysis
47,2026-01,1662700,58,332.54,0.0,0,1662700,5500,납부,701100,42.1664,92.5483,309000,18.5842,catcher_llm.analysis.user_monthly_analysis
47,2026-02,1521400,67,304.28,-8.4982,0,1521400,6000,납부,592400,38.9378,81.8983,3300,0.2169,catcher_llm.analysis.user_monthly_analysis
47,2026-03,1358200,80,271.64,-10.727,0,1358200,6200,납부,525800,38.713,50.5596,467300,34.4058,catcher_llm.analysis.user_monthly_analysis
47,2026-04,1681100,87,336.22,23.7741,0,1681100,2600,납부,892000,53.0605,76.2655,456600,27.1608,catcher_llm.analysis.user_monthly_analysis
48,2026-01,2890200,79,165.1543,0.0,0,2890200,0,납부,1329300,45.9934,31.8109,361200,12.4974,catcher_llm.analysis.user_monthly_analysis
48,2026-02,2630900,55,150.3371,-8.9717,0,2630900,0,납부,803500,30.5409,44.9694,816000,31.016,catcher_llm.analysis.user_monthly_analysis
48,2026-03,2245200,71,128.2971,-14.6604,0,2245200,0,납부,1187300,52.8817,55.71,10200,0.4543,catcher_llm.analysis.user_monthly_analysis
48,2026-04,4865100,55,278.0057,116.6889,0,4865100,0,쇼핑,1747800,35.9253,27.9583,2595900,53.3576,catcher_llm.analysis.user_monthly_analysis
49,2026-01,3041500,80,165.2989,0.0,0,3041500,9000,납부,800600,26.3225,64.557,642300,21.1179,catcher_llm.analysis.user_monthly_analysis
49,2026-02,2751200,101,149.5217,-9.5446,0,2751200,8900,납부,883600,32.1169,59.7994,34500,1.254,catcher_llm.analysis.user_monthly_analysis
49,2026-03,4586600,77,249.2717,66.7127,0,4586600,7200,쇼핑,2789500,60.8185,28.4503,2660200,57.9994,catcher_llm.analysis.user_monthly_analysis
49,2026-04,2625300,78,142.6793,-42.7615,0,2625300,11000,납부,788400,30.0309,54.4433,134800,5.1347,catcher_llm.analysis.user_monthly_analysis
50,2026-01,3623200,77,150.3402,0.0,0,3623200,8400,의료,838000,23.1287,36.5561,649500,17.9261,catcher_llm.analysis.user_monthly_analysis
50,2026-02,3098100,74,128.5519,-14.4927,0,3098100,8300,납부,999700,32.2682,39.8147,316500,10.2159,catcher_llm.analysis.user_monthly_analysis
50,2026-03,3205500,92,133.0083,3.4666,0,3205500,10600,납부,942100,29.3901,52.881,488300,15.2332,catcher_llm.analysis.user_monthly_analysis
50,2026-04,3612600,82,149.9004,12.7,0,3612600,10100,납부,1178500,32.6219,58.1576,799800,22.1392,catcher_llm.analysis.user_monthly_analysis
51,2026-01,3826200,61,125.8618,0.0,0,3826200,10600,납부,969200,25.3306,57.6107,990900,25.8978,catcher_llm.analysis.user_monthly_analysis
51,2026-02,3224800,87,106.0789,-15.7179,0,3224800,7800,쇼핑,870800,27.0032,46.8773,140000,4.3414,catcher_llm.analysis.user_monthly_analysis
51,2026-03,4464700,95,146.8651,38.4489,0,4464700,15000,의료,911900,20.4247,40.2804,1541300,34.5219,catcher_llm.analysis.user_monthly_analysis
51,2026-04,3588100,77,118.0296,-19.634,0,3588100,13000,납부,852800,23.7675,43.9118,610200,17.0062,catcher_llm.analysis.user_monthly_analysis
52,2026-01,3436300,88,150.7149,0.0,0,3436300,6800,쇼핑,1276800,37.1562,56.7034,436100,12.691,catcher_llm.analysis.user_monthly_analysis
52,2026-02,2994300,103,131.3289,-12.8627,0,2994300,13800,쇼핑,983000,32.829,62.4086,14500,0.4843,catcher_llm.analysis.user_monthly_analysis
52,2026-03,2684800,71,117.7544,-10.3363,0,2684800,8400,쇼핑,973100,36.2448,47.5454,142500,5.3077,catcher_llm.analysis.user_monthly_analysis
52,2026-04,3993700,87,175.1623,48.7522,0,3993700,11700,쇼핑,1838000,46.0225,28.4448,1096900,27.4658,catcher_llm.analysis.user_monthly_analysis
53,2026-01,3903200,76,130.9799,0.0,0,3903200,14300,납부,1303500,33.3957,51.2016,457700,11.7263,catcher_llm.analysis.user_monthly_analysis
53,2026-02,5009300,91,168.0973,28.3383,0,5009300,9800,의료,1267100,25.295,30.5172,1452100,28.9881,catcher_llm.analysis.user_monthly_analysis
53,2026-03,3694200,98,123.9664,-26.2532,0,3694200,12600,납부,1242700,33.6392,52.3875,305800,8.2778,catcher_llm.analysis.user_monthly_analysis
53,2026-04,4132600,82,138.6779,11.8673,0,4132600,18100,교육,900300,21.7853,51.1373,225500,5.4566,catcher_llm.analysis.user_monthly_analysis
54,2026-01,6080600,85,205.4257,0.0,0,6080600,0,쇼핑,3256100,53.549,34.1545,2646300,43.5204,catcher_llm.analysis.user_monthly_analysis
54,2026-02,3944500,57,133.2601,-35.1298,0,3944500,0,식비,780200,19.7794,46.0794,837000,21.2194,catcher_llm.analysis.user_monthly_analysis
54,2026-03,5554900,63,187.6655,40.8265,0,5554900,0,쇼핑,1506600,27.122,44.0368,1626200,29.2751,catcher_llm.analysis.user_monthly_analysis
54,2026-04,3219500,84,108.7669,-42.0422,0,3219500,0,납부,1311200,40.7268,47.38,178400,5.5412,catcher_llm.analysis.user_monthly_analysis
55,2026-01,2656000,52,124.6948,0.0,0,2656000,0,납부,614500,23.1363,42.3005,479900,18.0685,catcher_llm.analysis.user_monthly_analysis
55,2026-02,3001500,90,140.9155,13.0083,0,3001500,0,납부,1322100,44.048,37.6112,154400,5.1441,catcher_llm.analysis.user_monthly_analysis
55,2026-03,5492100,86,257.8451,82.9785,0,5492100,0,쇼핑,2758300,50.223,32.2591,2300000,41.8783,catcher_llm.analysis.user_monthly_analysis
55,2026-04,4038800,53,189.615,-26.4616,0,4038800,0,쇼핑,1545100,38.2564,32.2125,1201100,29.739,catcher_llm.analysis.user_monthly_analysis
56,2026-01,2504400,83,120.9855,0.0,0,2504400,0,납부,952900,38.049,29.1088,33700,1.3456,catcher_llm.analysis.user_monthly_analysis
56,2026-02,2472600,88,119.4493,-1.2698,0,2472600,0,납부,934300,37.7861,66.7071,460700,18.6322,catcher_llm.analysis.user_monthly_analysis
56,2026-03,3262600,69,157.6135,31.9502,0,3262600,0,납부,1070600,32.8143,61.6993,29400,0.9011,catcher_llm.analysis.user_monthly_analysis
56,2026-04,2724200,52,131.6039,-16.5022,0,2724200,0,납부,1199500,44.0313,50.1946,23600,0.8663,catcher_llm.analysis.user_monthly_analysis
57,2026-01,2860400,60,116.2764,0.0,0,2860400,11700,납부,762900,26.6711,38.4527,495000,17.3053,catcher_llm.analysis.user_monthly_analysis
57,2026-02,3983600,76,161.935,39.2672,0,3983600,10400,해외,1106700,27.7814,49.8419,559800,14.0526,catcher_llm.analysis.user_monthly_analysis
57,2026-03,4084300,76,166.0285,2.5279,0,4084300,7800,쇼핑,1409500,34.5102,27.3707,1075200,26.3252,catcher_llm.analysis.user_monthly_analysis
57,2026-04,2885600,61,117.3008,-29.349,0,2885600,7600,납부,898700,31.1443,42.7571,360100,12.4792,catcher_llm.analysis.user_monthly_analysis
58,2026-01,3364800,65,169.0854,0.0,0,3364800,0,납부,1225200,36.4123,33.372,580900,17.264,catcher_llm.analysis.user_monthly_analysis
58,2026-02,3457200,83,173.7286,2.7461,0,3457200,0,납부,1024000,29.6193,43.4918,1070400,30.9615,catcher_llm.analysis.user_monthly_analysis
58,2026-03,3952400,100,198.6131,14.3237,0,3952400,0,쇼핑,1566700,39.6392,38.3058,1197200,30.2905,catcher_llm.analysis.user_monthly_analysis
58,2026-04,2771800,58,139.2864,-29.8705,0,2771800,0,의료,667600,24.0854,39.8766,160500,5.7905,catcher_llm.analysis.user_monthly_analysis
59,2026-01,3364000,88,180.8602,0.0,0,3364000,5800,쇼핑,1130900,33.6177,33.044,748300,22.2444,catcher_llm.analysis.user_monthly_analysis
59,2026-02,2414600,55,129.8172,-28.2224,0,2414600,10000,납부,1418500,58.7468,34.3742,3300,0.1367,catcher_llm.analysis.user_monthly_analysis
59,2026-03,3438300,99,184.8548,42.3963,0,3438300,7600,쇼핑,1529500,44.4842,44.3417,793900,23.0899,catcher_llm.analysis.user_monthly_analysis
59,2026-04,2789800,68,149.9892,-18.8611,0,2789800,14100,여가,980100,35.1316,64.277,254500,9.1225,catcher_llm.analysis.user_monthly_analysis
60,2026-01,1397700,82,279.54,0.0,0,1397700,0,납부,1060100,75.846,77.1983,445500,31.8738,catcher_llm.analysis.user_monthly_analysis
60,2026-02,1005600,59,201.12,-28.0532,0,1005600,0,납부,722800,71.8775,87.0127,227900,22.6631,catcher_llm.analysis.user_monthly_analysis
60,2026-03,1555500,83,311.1,54.6838,0,1555500,0,납부,565300,36.342,88.4603,705900,45.3809,catcher_llm.analysis.user_monthly_analysis
60,2026-04,2006400,88,401.28,28.9875,0,2006400,0,납부,1455500,72.5429,74.068,207600,10.3469,catcher_llm.analysis.user_monthly_analysis
61,2026-01,2856300,102,126.385,0.0,0,2856300,10900,쇼핑,785500,27.5006,40.9621,211400,7.4012,catcher_llm.analysis.user_monthly_analysis
61,2026-02,2706100,92,119.7389,-5.2586,0,2706100,8900,쇼핑,665900,24.6074,38.2506,451900,16.6993,catcher_llm.analysis.user_monthly_analysis
61,2026-03,2857200,82,126.4248,5.5837,0,2857200,11800,쇼핑,726200,25.4165,47.2351,346600,12.1308,catcher_llm.analysis.user_monthly_analysis
61,2026-04,3435800,86,152.0265,20.2506,0,3435800,7600,쇼핑,1727800,50.2881,45.1103,835400,24.3146,catcher_llm.analysis.user_monthly_analysis
62,2026-01,2839900,81,131.4769,0.0,0,2839900,0,납부,993900,34.9977,50.9983,294500,10.3701,catcher_llm.analysis.user_monthly_analysis
62,2026-02,3101800,70,143.6019,9.2222,0,3101800,0,의료,766100,24.6986,44.1679,51800,1.67,catcher_llm.analysis.user_monthly_analysis
62,2026-03,3325100,69,153.9398,7.199,0,3325100,0,납부,970800,29.1961,41.9416,631300,18.9859,catcher_llm.analysis.user_monthly_analysis
62,2026-04,2625300,93,121.5417,-21.046,0,2625300,0,납부,1231900,46.9242,56.9687,139200,5.3023,catcher_llm.analysis.user_monthly_analysis
63,2026-01,3920100,91,147.9283,0.0,0,3920100,0,의료,1142200,29.137,32.2568,16100,0.4107,catcher_llm.analysis.user_monthly_analysis
63,2026-02,3317400,62,125.1849,-15.3746,0,3317400,0,납부,812200,24.483,48.9208,439900,13.2604,catcher_llm.analysis.user_monthly_analysis
63,2026-03,3624500,85,136.7736,9.2572,0,3624500,0,납부,1282200,35.3759,33.8971,157500,4.3454,catcher_llm.analysis.user_monthly_analysis
63,2026-04,4138900,93,156.1849,14.1923,0,4138900,0,납부,1284200,31.0276,45.5749,965600,23.3299,catcher_llm.analysis.user_monthly_analysis
64,2026-01,3791100,70,154.7388,0.0,0,3791100,0,쇼핑,1278400,33.7211,37.4008,1297500,34.2249,catcher_llm.analysis.user_monthly_analysis
64,2026-02,3904100,79,159.351,2.9807,0,3904100,0,쇼핑,1910400,48.9332,34.5995,1618900,41.4667,catcher_llm.analysis.user_monthly_analysis
64,2026-03,3150600,96,128.5959,-19.3002,0,3150600,0,납부,972500,30.8671,40.9985,65700,2.0853,catcher_llm.analysis.user_monthly_analysis
64,2026-04,3190100,70,130.2082,1.2537,0,3190100,0,납부,953600,29.8925,55.6284,0,0.0,catcher_llm.analysis.user_monthly_analysis
65,2026-01,1267000,64,253.4,0.0,0,1267000,6800,납부,709200,55.9747,73.9621,3600,0.2841,catcher_llm.analysis.user_monthly_analysis
65,2026-02,1557600,56,311.52,22.9361,0,1557600,6500,여가,555000,35.6317,85.2915,468500,30.0783,catcher_llm.analysis.user_monthly_analysis
65,2026-03,905900,49,181.18,-41.84,0,905900,6500,납부,335900,37.0791,76.0018,0,0.0,catcher_llm.analysis.user_monthly_analysis
65,2026-04,1075600,50,215.12,18.7328,0,1075600,14500,의료,281100,26.1343,59.9851,203600,18.929,catcher_llm.analysis.user_monthly_analysis
66,2026-01,1567100,87,313.42,0.0,0,1567100,0,납부,1105900,70.5698,75.1324,3100,0.1978,catcher_llm.analysis.user_monthly_analysis
66,2026-02,939000,71,187.8,-40.0804,0,939000,0,납부,454100,48.36,61.5229,183500,19.5421,catcher_llm.analysis.user_monthly_analysis
66,2026-03,1187200,53,237.44,26.4324,0,1187200,0,납부,348700,29.3716,77.0216,128600,10.8322,catcher_llm.analysis.user_monthly_analysis
66,2026-04,1182300,61,236.46,-0.4127,0,1182300,0,납부,666200,56.3478,63.2665,219100,18.5317,catcher_llm.analysis.user_monthly_analysis
67,2026-01,2637200,92,130.5545,0.0,0,2637200,11600,납부,764100,28.9739,65.3724,246100,9.3319,catcher_llm.analysis.user_monthly_analysis
67,2026-02,2817100,82,139.4604,6.8216,0,2817100,10000,납부,957100,33.9747,49.0043,336800,11.9556,catcher_llm.analysis.user_monthly_analysis
67,2026-03,2256200,100,111.6931,-19.9105,0,2256200,7300,납부,684900,30.3564,59.3254,116300,5.1547,catcher_llm.analysis.user_monthly_analysis
67,2026-04,2227700,77,110.2822,-1.2632,0,2227700,12200,납부,553200,24.8328,40.7775,253400,11.375,catcher_llm.analysis.user_monthly_analysis
68,2026-01,4646200,71,192.7884,0.0,0,4646200,0,쇼핑,1669900,35.9412,41.4339,1455000,31.3159,catcher_llm.analysis.user_monthly_analysis
68,2026-02,3928500,72,163.0083,-15.447,0,3928500,0,쇼핑,1723200,43.8641,35.3494,1670000,42.5099,catcher_llm.analysis.user_monthly_analysis
68,2026-03,2983000,85,123.7759,-24.0677,0,2983000,0,납부,1209400,40.5431,54.9011,319400,10.7073,catcher_llm.analysis.user_monthly_analysis
68,2026-04,3512200,92,145.7344,17.7405,0,3512200,0,납부,819300,23.3273,52.3689,309600,8.815,catcher_llm.analysis.user_monthly_analysis
69,2026-01,6030700,101,241.228,0.0,0,6030700,0,쇼핑,3503000,58.0861,21.5928,3503600,58.0961,catcher_llm.analysis.user_monthly_analysis
69,2026-02,3429700,87,137.188,-43.1293,0,3429700,0,납부,1397200,40.7383,56.9933,63200,1.8427,catcher_llm.analysis.user_monthly_analysis
69,2026-03,3016500,80,120.66,-12.0477,0,3016500,0,납부,1301000,43.1295,27.9231,46700,1.5482,catcher_llm.analysis.user_monthly_analysis
69,2026-04,3241400,94,129.656,7.4557,0,3241400,0,납부,1466700,45.249,50.5862,439900,13.5713,catcher_llm.analysis.user_monthly_analysis
70,2026-01,2154900,67,124.5607,0.0,0,2154900,10800,쇼핑,460000,21.3467,51.2089,0,0.0,catcher_llm.analysis.user_monthly_analysis
70,2026-02,2046300,55,118.2832,-5.0397,0,2046300,10500,쇼핑,682000,33.3284,52.0794,321500,15.7113,catcher_llm.analysis.user_monthly_analysis
70,2026-03,1746200,64,100.9364,-14.6655,0,1746200,13200,쇼핑,558300,31.9723,41.5989,0,0.0,catcher_llm.analysis.user_monthly_analysis
70,2026-04,2813400,84,162.6243,61.1156,0,2813400,10100,쇼핑,1273800,45.2762,40.9718,582700,20.7116,catcher_llm.analysis.user_monthly_analysis
71,2026-01,5007200,82,155.9875,0.0,0,5007200,12600,납부,1911900,38.183,37.8854,0,0.0,catcher_llm.analysis.user_monthly_analysis
71,2026-02,4100900,63,127.7539,-18.0999,0,4100900,16700,쇼핑,1572100,38.3355,43.4953,1404000,34.2364,catcher_llm.analysis.user_monthly_analysis
71,2026-03,3097400,68,96.4922,-24.4702,0,3097400,8700,납부,1495800,48.2921,49.0153,0,0.0,catcher_llm.analysis.user_monthly_analysis
71,2026-04,4210100,74,131.1558,35.9237,0,4210100,8200,납부,1125900,26.7428,41.6332,451900,10.7337,catcher_llm.analysis.user_monthly_analysis
72,2026-01,4329800,74,213.2906,0.0,0,4329800,0,쇼핑,1599700,36.9463,39.7917,1293000,29.8628,catcher_llm.analysis.user_monthly_analysis
72,2026-02,3437000,86,169.3103,-20.6199,0,3437000,0,쇼핑,1752000,50.9747,18.0215,1403200,40.8263,catcher_llm.analysis.user_monthly_analysis
72,2026-03,3923400,90,193.2709,14.1519,0,3923400,0,쇼핑,1759900,44.8565,31.8015,1064200,27.1244,catcher_llm.analysis.user_monthly_analysis
72,2026-04,2985600,73,147.0739,-23.9027,0,2985600,0,납부,1250600,41.8877,39.2886,93800,3.1417,catcher_llm.analysis.user_monthly_analysis
73,2026-01,4163700,64,255.4417,0.0,0,4163700,0,쇼핑,1558100,37.421,37.1497,1956400,46.9871,catcher_llm.analysis.user_monthly_analysis
73,2026-02,3009700,88,184.6442,-27.7157,0,3009700,0,납부,1233300,40.9775,37.4722,828300,27.521,catcher_llm.analysis.user_monthly_analysis
73,2026-03,3645100,83,223.6258,21.1117,0,3645100,0,납부,1192300,32.7097,58.5169,375800,10.3097,catcher_llm.analysis.user_monthly_analysis
73,2026-04,2260400,79,138.6748,-37.988,0,2260400,0,납부,675100,29.8664,63.1304,633600,28.0304,catcher_llm.analysis.user_monthly_analysis
74,2026-01,1996400,81,109.0929,0.0,0,1996400,8000,납부,578300,28.9671,49.7245,116400,5.8305,catcher_llm.analysis.user_monthly_analysis
74,2026-02,4239100,96,231.6448,112.3372,0,4239100,10400,쇼핑,2432600,57.3848,23.9037,1909800,45.052,catcher_llm.analysis.user_monthly_analysis
74,2026-03,2180300,97,119.1421,-48.5669,0,2180300,9900,납부,719400,32.9955,37.4352,0,0.0,catcher_llm.analysis.user_monthly_analysis
74,2026-04,2234100,61,122.082,2.4676,0,2234100,7800,납부,599400,26.8296,57.1058,607800,27.2056,catcher_llm.analysis.user_monthly_analysis
75,2026-01,4346300,66,175.9636,0.0,0,4346300,0,쇼핑,1982400,45.6112,33.7505,1921200,44.2031,catcher_llm.analysis.user_monthly_analysis
75,2026-02,3499700,74,141.6883,-19.4786,0,3499700,0,납부,1010300,28.8682,52.9274,648500,18.5302,catcher_llm.analysis.user_monthly_analysis
75,2026-03,3357200,79,135.919,-4.0718,0,3357200,0,납부,1038700,30.9395,37.856,32300,0.9621,catcher_llm.analysis.user_monthly_analysis
75,2026-04,3689800,64,149.3846,9.9071,0,3689800,0,납부,1517200,41.1188,49.4932,618200,16.7543,catcher_llm.analysis.user_monthly_analysis
76,2026-01,2988900,65,122.4959,0.0,0,2988900,0,납부,804800,26.9263,38.7868,267600,8.9531,catcher_llm.analysis.user_monthly_analysis
76,2026-02,3180800,91,130.3607,6.4204,0,3180800,0,납부,1342900,42.2189,39.883,339300,10.6671,catcher_llm.analysis.user_monthly_analysis
76,2026-03,3792000,78,155.4098,19.2153,0,3792000,0,여가,923100,24.3434,58.9742,925600,24.4093,catcher_llm.analysis.user_monthly_analysis
76,2026-04,3422800,62,140.2787,-9.7363,0,3422800,0,납부,1018400,29.7534,54.9229,0,0.0,catcher_llm.analysis.user_monthly_analysis
77,2026-01,2323800,101,88.6947,0.0,0,2323800,0,쇼핑,677400,29.1505,41.0922,11200,0.482,catcher_llm.analysis.user_monthly_analysis
77,2026-02,2939900,74,112.2099,26.5126,0,2939900,0,납부,998900,33.9773,56.5053,0,0.0,catcher_llm.analysis.user_monthly_analysis
77,2026-03,3268500,75,124.7519,11.1773,0,3268500,0,여가,552200,16.8946,42.518,442400,13.5353,catcher_llm.analysis.user_monthly_analysis
77,2026-04,3777600,94,144.1832,15.576,0,3777600,0,납부,991500,26.2468,32.8621,476900,12.6244,catcher_llm.analysis.user_monthly_analysis
78,2026-01,3124400,86,126.4939,0.0,0,3124400,0,납부,1532500,49.0494,45.2599,36400,1.165,catcher_llm.analysis.user_monthly_analysis
78,2026-02,4055900,54,164.2065,29.8137,0,4055900,0,납부,1030300,25.4025,70.2483,948600,23.3882,catcher_llm.analysis.user_monthly_analysis
78,2026-03,4679700,98,189.4615,15.3801,0,4679700,0,쇼핑,1586000,33.8911,46.4154,1251900,26.7517,catcher_llm.analysis.user_monthly_analysis
78,2026-04,3816700,95,154.5223,-18.4414,0,3816700,0,의료,1176700,30.8303,23.7352,606700,15.8959,catcher_llm.analysis.user_monthly_analysis
79,2026-01,836100,64,167.22,0.0,0,836100,9500,여가,230400,27.5565,57.1104,4800,0.5741,catcher_llm.analysis.user_monthly_analysis
79,2026-02,1221200,88,244.24,46.0591,0,1221200,5500,납부,666400,54.5693,77.1209,220800,18.0806,catcher_llm.analysis.user_monthly_analysis
79,2026-03,1492200,95,298.44,22.1913,0,1492200,3100,납부,818100,54.8251,70.7546,306100,20.5133,catcher_llm.analysis.user_monthly_analysis
79,2026-04,1553100,71,310.62,4.0812,0,1553100,3100,납부,809800,52.1409,70.2144,273400,17.6035,catcher_llm.analysis.user_monthly_analysis
80,2026-01,2328700,53,150.2387,0.0,0,2328700,9500,교육,522900,22.4546,55.4258,717400,30.8069,catcher_llm.analysis.user_monthly_analysis
80,2026-02,2810600,89,181.329,20.6939,0,2810600,10100,여가,881700,31.3705,63.2392,252500,8.9838,catcher_llm.analysis.user_monthly_analysis
80,2026-03,2905000,85,187.4194,3.3587,0,2905000,14200,여가,527200,18.148,66.537,477100,16.4234,catcher_llm.analysis.user_monthly_analysis
80,2026-04,3146100,94,202.9742,8.2995,0,3146100,13400,쇼핑,1701300,54.0765,44.8142,0,0.0,catcher_llm.analysis.user_monthly_analysis
81,2026-01,3479400,70,125.6101,0.0,0,3479400,0,납부,807100,23.1965,46.8558,38200,1.0979,catcher_llm.analysis.user_monthly_analysis
81,2026-02,3497200,78,126.2527,0.5116,0,3497200,0,납부,1191900,34.0816,46.663,389300,11.1318,catcher_llm.analysis.user_monthly_analysis
81,2026-03,4563300,57,164.7401,30.4844,0,4563300,0,여가,984000,21.5633,53.7725,1342200,29.4129,catcher_llm.analysis.user_monthly_analysis
81,2026-04,7771600,84,280.5632,70.3066,0,7771600,0,쇼핑,5080600,65.3739,16.5899,4501300,57.9199,catcher_llm.analysis.user_monthly_analysis
82,2026-01,4616000,84,136.1652,0.0,0,4616000,0,쇼핑,1709400,37.0321,44.3306,717700,15.5481,catcher_llm.analysis.user_monthly_analysis
82,2026-02,4022600,77,118.6608,-12.8553,0,4022600,0,여가,1054200,26.2069,40.2053,1099600,27.3356,catcher_llm.analysis.user_monthly_analysis
82,2026-03,4554700,98,134.3569,13.2278,0,4554700,0,쇼핑,1224200,26.8777,57.6921,320200,7.0301,catcher_llm.analysis.user_monthly_analysis
82,2026-04,5013700,80,147.8968,10.0775,0,5013700,0,쇼핑,1730300,34.5114,35.5785,1272600,25.3825,catcher_llm.analysis.user_monthly_analysis
83,2026-01,1500400,87,300.08,0.0,0,1500400,0,납부,827900,55.1786,62.2967,199300,13.2831,catcher_llm.analysis.user_monthly_analysis
83,2026-02,1086500,62,217.3,-27.586,0,1086500,0,납부,410200,37.7543,86.0193,455600,41.9328,catcher_llm.analysis.user_monthly_analysis
83,2026-03,969200,49,193.84,-10.7961,0,969200,0,납부,712900,73.5555,73.3285,0,0.0,catcher_llm.analysis.user_monthly_analysis
83,2026-04,979700,69,195.94,1.0834,0,979700,0,납부,693700,70.8074,70.889,90800,9.2681,catcher_llm.analysis.user_monthly_analysis
84,2026-01,3387700,69,134.4325,0.0,0,3387700,0,의료,979700,28.9193,41.3939,812600,23.9868,catcher_llm.analysis.user_monthly_analysis
84,2026-02,3761000,91,149.246,11.0193,0,3761000,0,납부,1761500,46.8359,62.5525,32500,0.8641,catcher_llm.analysis.user_monthly_analysis
84,2026-03,3297400,63,130.8492,-12.3265,0,3297400,0,의료,954600,28.9501,36.2649,837800,25.4079,catcher_llm.analysis.user_monthly_analysis
84,2026-04,5009300,73,198.7817,51.9167,0,5009300,0,쇼핑,2327100,46.4556,27.5887,1956600,39.0593,catcher_llm.analysis.user_monthly_analysis
85,2026-01,1379000,95,275.8,0.0,0,1379000,6300,납부,752000,54.5323,65.6345,219600,15.9246,catcher_llm.analysis.user_monthly_analysis
85,2026-02,981000,63,196.2,-28.8615,0,981000,6100,납부,298900,30.4689,80.2039,0,0.0,catcher_llm.analysis.user_monthly_analysis
85,2026-03,1219900,71,243.98,24.3527,0,1219900,6600,납부,812300,66.5874,65.989,225800,18.5097,catcher_llm.analysis.user_monthly_analysis
85,2026-04,908800,52,181.76,-25.5021,0,908800,12300,납부,456500,50.2311,79.6875,9700,1.0673,catcher_llm.analysis.user_monthly_analysis
86,2026-01,1208200,76,241.64,0.0,0,1208200,0,납부,1096400,90.7466,51.7961,0,0.0,catcher_llm.analysis.user_monthly_analysis
86,2026-02,899200,61,179.84,-25.5752,0,899200,0,납부,587200,65.3025,58.452,0,0.0,catcher_llm.analysis.user_monthly_analysis
86,2026-03,1170000,62,234.0,30.1157,0,1170000,0,납부,548700,46.8974,61.8632,0,0.0,catcher_llm.analysis.user_monthly_analysis
86,2026-04,1260700,57,252.14,7.7521,0,1260700,0,납부,892300,70.7781,72.3884,144000,11.4222,catcher_llm.analysis.user_monthly_analysis
87,2026-01,1360300,68,272.06,0.0,0,1360300,0,납부,1108300,81.4747,66.7647,2800,0.2058,catcher_llm.analysis.user_monthly_analysis
87,2026-02,1502400,81,300.48,10.4462,0,1502400,0,납부,953600,63.4718,71.3525,182400,12.1406,catcher_llm.analysis.user_monthly_analysis
87,2026-03,1139200,78,227.84,-24.1747,0,1139200,0,납부,842700,73.973,69.3732,134300,11.789,catcher_llm.analysis.user_monthly_analysis
87,2026-04,1255200,67,251.04,10.1826,0,1255200,0,납부,512600,40.8381,20.5784,323200,25.7489,catcher_llm.analysis.user_monthly_analysis
88,2026-01,2158600,70,120.5922,0.0,0,2158600,0,납부,602300,27.9023,57.3057,17700,0.82,catcher_llm.analysis.user_monthly_analysis
88,2026-02,3744500,94,209.1899,73.4689,0,3744500,0,쇼핑,1445500,38.6033,31.115,1428200,38.1413,catcher_llm.analysis.user_monthly_analysis
88,2026-03,4043000,80,225.8659,7.9717,0,4043000,0,쇼핑,2100400,51.9515,31.8328,1810500,44.7811,catcher_llm.analysis.user_monthly_analysis
88,2026-04,2532300,83,141.4693,-37.3658,0,2532300,0,납부,1497900,59.1518,52.403,293500,11.5903,catcher_llm.analysis.user_monthly_analysis
89,2026-01,5648100,77,228.668,0.0,0,5648100,0,쇼핑,2561200,45.3462,43.3208,2533300,44.8523,catcher_llm.analysis.user_monthly_analysis
89,2026-02,2764900,77,111.9393,-51.0473,0,2764900,0,쇼핑,1038400,37.5565,31.9288,531000,19.205,catcher_llm.analysis.user_monthly_analysis
89,2026-03,3314000,99,134.17,19.8597,0,3314000,0,의료,924200,27.8877,28.6361,623800,18.8232,catcher_llm.analysis.user_monthly_analysis
89,2026-04,3956900,93,160.1984,19.3995,0,3956900,0,쇼핑,1509500,38.1486,42.7456,762300,19.2651,catcher_llm.analysis.user_monthly_analysis
90,2026-01,660400,62,132.08,0.0,0,660400,5300,납부,358000,54.2096,60.0545,0,0.0,catcher_llm.analysis.user_monthly_analysis
90,2026-02,813900,89,162.78,23.2435,0,813900,6000,식비,312900,38.4445,18.3192,0,0.0,catcher_llm.analysis.user_monthly_analysis
90,2026-03,963100,78,192.62,18.3315,0,963100,13100,여가,261300,27.1311,57.616,168600,17.506,catcher_llm.analysis.user_monthly_analysis
90,2026-04,770100,79,154.02,-20.0395,0,770100,8400,해외,208900,27.1263,57.486,215700,28.0093,catcher_llm.analysis.user_monthly_analysis
91,2026-01,2643600,77,128.9561,0.0,0,2643600,9900,납부,866500,32.7773,40.5205,25500,0.9646,catcher_llm.analysis.user_monthly_analysis
91,2026-02,3024500,66,147.5366,14.4084,0,3024500,7100,납부,941900,31.1423,63.8254,0,0.0,catcher_llm.analysis.user_monthly_analysis
91,2026-03,3273200,97,159.6683,8.2228,0,3273200,6600,납부,1940800,59.2937,62.5137,424600,12.972,catcher_llm.analysis.user_monthly_analysis
91,2026-04,2693500,66,131.3902,-17.7105,0,2693500,15600,납부,570500,21.1806,61.3737,754900,28.0267,catcher_llm.analysis.user_monthly_analysis
92,2026-01,1167500,55,233.5,0.0,0,1167500,0,납부,738800,63.2805,53.1478,172700,14.7923,catcher_llm.analysis.user_monthly_analysis
92,2026-02,1456400,79,291.28,24.7452,0,1456400,0,납부,944000,64.8174,53.234,6600,0.4532,catcher_llm.analysis.user_monthly_analysis
92,2026-03,1536900,53,307.38,5.5273,0,1536900,0,납부,618100,40.2173,66.9855,192400,12.5187,catcher_llm.analysis.user_monthly_analysis
92,2026-04,1047700,87,209.54,-31.8303,0,1047700,0,납부,555900,53.0591,75.6228,400700,38.2457,catcher_llm.analysis.user_monthly_analysis
93,2026-01,4697600,58,184.2196,0.0,0,4697600,8600,쇼핑,1442200,30.7008,43.9203,1907000,40.5952,catcher_llm.analysis.user_monthly_analysis
93,2026-02,2734200,61,107.2235,-41.7958,0,2734200,8600,납부,719400,26.3112,48.9028,410200,15.0026,catcher_llm.analysis.user_monthly_analysis
93,2026-03,3867000,76,151.6471,41.4308,0,3867000,9300,납부,1099900,28.4432,40.4655,114400,2.9584,catcher_llm.analysis.user_monthly_analysis
93,2026-04,3535400,88,138.6431,-8.5751,0,3535400,10000,쇼핑,1285600,36.3636,39.5825,892000,25.2305,catcher_llm.analysis.user_monthly_analysis
94,2026-01,1612100,73,322.42,0.0,0,1612100,0,납부,1452400,90.0937,28.6583,1600,0.0992,catcher_llm.analysis.user_monthly_analysis
94,2026-02,696100,51,139.22,-56.8203,0,696100,0,납부,400800,57.5779,47.9385,1700,0.2442,catcher_llm.analysis.user_monthly_analysis
94,2026-03,1302000,80,260.4,87.0421,0,1302000,0,납부,885700,68.0261,69.2627,307600,23.6252,catcher_llm.analysis.user_monthly_analysis
94,2026-04,1503700,74,300.74,15.4916,0,1503700,0,납부,1079200,71.7696,63.4967,2000,0.133,catcher_llm.analysis.user_monthly_analysis
95,2026-01,3042500,82,169.9721,0.0,0,3042500,9400,납부,995400,32.7165,53.5974,7100,0.2334,catcher_llm.analysis.user_monthly_analysis
95,2026-02,3396900,82,189.7709,11.6483,0,3396900,5500,납부,1101000,32.4119,51.9061,0,0.0,catcher_llm.analysis.user_monthly_analysis
95,2026-03,2579600,101,144.1117,-24.0602,0,2579600,8600,납부,855700,33.1718,43.2625,258900,10.0364,catcher_llm.analysis.user_monthly_analysis
95,2026-04,2015700,91,112.6089,-21.86,0,2015700,9500,납부,659500,32.7182,50.2257,33200,1.6471,catcher_llm.analysis.user_monthly_analysis
96,2026-01,3106100,66,131.0591,0.0,0,3106100,0,납부,800300,25.7654,55.6453,518500,16.693,catcher_llm.analysis.user_monthly_analysis
96,2026-02,3603100,71,152.0295,16.0008,0,3603100,0,쇼핑,1046100,29.0333,59.4627,616700,17.1158,catcher_llm.analysis.user_monthly_analysis
96,2026-03,3514900,60,148.308,-2.4479,0,3514900,0,여가,1053700,29.9781,48.8008,553500,15.7472,catcher_llm.analysis.user_monthly_analysis
96,2026-04,3493200,93,147.3924,-0.6174,0,3493200,0,쇼핑,952200,27.2587,32.2083,657300,18.8166,catcher_llm.analysis.user_monthly_analysis
97,2026-01,3221100,70,109.5612,0.0,0,3221100,0,쇼핑,1176700,36.531,46.5742,296200,9.1956,catcher_llm.analysis.user_monthly_analysis
97,2026-02,4783300,73,162.6973,48.499,0,4783300,0,쇼핑,2102500,43.955,43.1752,1179800,24.665,catcher_llm.analysis.user_monthly_analysis
97,2026-03,4261600,83,144.9524,-10.9067,0,4261600,0,쇼핑,1131400,26.5487,41.9068,980500,23.0078,catcher_llm.analysis.user_monthly_analysis
97,2026-04,3974200,54,135.1769,-6.7439,0,3974200,0,쇼핑,1304800,32.8318,54.3581,0,0.0,catcher_llm.analysis.user_monthly_analysis
98,2026-01,3710500,61,132.5179,0.0,0,3710500,0,납부,1086900,29.2925,56.2593,831000,22.3959,catcher_llm.analysis.user_monthly_analysis
98,2026-02,4228200,72,151.0071,13.9523,0,4228200,0,쇼핑,1810000,42.8078,43.0561,1167900,27.6217,catcher_llm.analysis.user_monthly_analysis
98,2026-03,6477100,100,231.325,53.1881,0,6477100,0,쇼핑,3572600,55.1574,29.3928,3243000,50.0687,catcher_llm.analysis.user_monthly_analysis
98,2026-04,2898100,59,103.5036,-55.2562,0,2898100,0,쇼핑,1044600,36.0443,42.8212,10300,0.3554,catcher_llm.analysis.user_monthly_analysis
99,2026-01,1154600,88,230.92,0.0,0,1154600,5200,납부,411500,35.64,76.546,3800,0.3291,catcher_llm.analysis.user_monthly_analysis
99,2026-02,971900,74,194.38,-15.8237,0,971900,5000,납부,809600,83.3008,51.0238,4100,0.4219,catcher_llm.analysis.user_monthly_analysis
99,2026-03,845600,72,169.12,-12.9952,0,845600,7900,납부,389100,46.0147,75.3666,12500,1.4782,catcher_llm.analysis.user_monthly_analysis
99,2026-04,926700,69,185.34,9.5908,0,926700,8200,납부,311900,33.6571,76.2706,186800,20.1575,catcher_llm.analysis.user_monthly_analysis
100,2026-01,2106600,76,92.3947,0.0,0,2106600,0,납부,828800,39.343,45.0299,0,0.0,catcher_llm.analysis.user_monthly_analysis
100,2026-02,2770900,83,121.5307,31.5342,0,2770900,0,납부,820900,29.6258,51.0592,397000,14.3275,catcher_llm.analysis.user_monthly_analysis
100,2026-03,2905200,70,127.4211,4.8468,0,2905200,0,의료,925300,31.8498,34.6861,631700,21.7438,catcher_llm.analysis.user_monthly_analysis
100,2026-04,3202200,78,140.4474,10.223,0,3202200,0,납부,950400,29.6796,48.2169,65300,2.0392,catcher_llm.analysis.user_monthly_analysis
