document_kind,source_count,user_input,retrieved_contexts,response,reference,context_precision,context_recall,faithfulness,answer_relevancy
user_report,6,[user_report] 2026-04 쇼핑 카테고리 전체 사용자 월간 소비 비중 전월 대비 변화 사용자 소비 동향 비교 근거,"['### evidence_card: monthly_2026_04_category_change_쇼핑\n- issue_id: monthly_2026_04_category_change_쇼핑\n- period_type: monthly\n- period: 2026-04\n- category: 쇼핑\n- keywords: 쇼핑, 카테고리 전월 대비, 증가, 절약 우선순위, 전체 사용자 비교\n- metric_name: category_prev_month_change_rate_percent\n- metric_value: 4.6381\n- metric_unit: percent\n- change_rate_percent: 4.6381\n- source_table: category_monthly_trends\n- usable_claim: 2026-04 전체 앱 사용자 쇼핑 소비는 75,189,200원으로 전월 71,856,400원 대비 4.6381% 증가했다.\n- feedback_use: 개인 월간 피드백에서 사용자의 쇼핑 지출 증감이 전체 사용자 변화와 같은 방향인지 비교해 절약 우선순위를 조정하는 근거로 사용한다.\n- personal_feedback_use_case: 사용자의 쇼핑 지출이 전월 대비 증가했을 때, 개인 변화가 전체 사용자 공통 흐름인지 개인에게만 두드러진 변화인지 판단한다.\n- caution: 전체 사용자 카테고리 변화율은 개인의 특정 가맹점 지출 원인을 직접 설명하지 않는다.', '### evidence_card: monthly_2026_03_category_change_쇼핑\n- issue_id: monthly_2026_03_category_change_쇼핑\n- period_type: monthly\n- period: 2026-03\n- category: 쇼핑\n- keywords: 쇼핑, 카테고리 전월 대비, 증가, 절약 우선순위, 전체 사용자 비교\n- metric_name: category_prev_month_change_rate_percent\n- metric_value: 2.8383\n- metric_unit: percent\n- change_rate_percent: 2.8383\n- source_table: category_monthly_trends\n- usable_claim: 2026-03 전체 앱 사용자 쇼핑 소비는 71,856,400원으로 전월 69,873,200원 대비 2.8383% 증가했다.\n- feedback_use: 개인 월간 피드백에서 사용자의 쇼핑 지출 증감이 전체 사용자 변화와 같은 방향인지 비교해 절약 우선순위를 조정하는 근거로 사용한다.\n- personal_feedback_use_case: 사용자의 쇼핑 지출이 전월 대비 증가했을 때, 개인 변화가 전체 사용자 공통 흐름인지 개인에게만 두드러진 변화인지 판단한다.\n- caution: 전체 사용자 카테고리 변화율은 개인의 특정 가맹점 지출 원인을 직접 설명하지 않는다.', '### evidence_card: monthly_2026_02_category_change_쇼핑\n- issue_id: monthly_2026_02_category_change_쇼핑\n- period_type: monthly\n- period: 2026-02\n- category: 쇼핑\n- keywords: 쇼핑, 카테고리 전월 대비, 증가, 절약 우선순위, 전체 사용자 비교\n- metric_name: category_prev_month_change_rate_percent\n- metric_value: 0.8449\n- metric_unit: percent\n- change_rate_percent: 0.8449\n- source_table: category_monthly_trends\n- usable_claim: 2026-02 전체 앱 사용자 쇼핑 소비는 69,873,200원으로 전월 69,287,800원 대비 0.8449% 증가했다.\n- feedback_use: 개인 월간 피드백에서 사용자의 쇼핑 지출 증감이 전체 사용자 변화와 같은 방향인지 비교해 절약 우선순위를 조정하는 근거로 사용한다.\n- personal_feedback_use_case: 사용자의 쇼핑 지출이 전월 대비 증가했을 때, 개인 변화가 전체 사용자 공통 흐름인지 개인에게만 두드러진 변화인지 판단한다.\n- caution: 전체 사용자 카테고리 변화율은 개인의 특정 가맹점 지출 원인을 직접 설명하지 않는다.', '### evidence_card: monthly_2026_04_category_ratio_쇼핑\n- issue_id: monthly_2026_04_category_ratio_쇼핑\n- period_type: monthly\n- period: 2026-04\n- category: 쇼핑\n- keywords: 쇼핑, 카테고리 월간 비중, 절약 우선순위, 전체 사용자 비교\n- metric_name: category_monthly_ratio_percent\n- metric_value: 25.4561\n- metric_unit: percent\n- source_table: category_monthly_trends\n- usable_claim: 2026-04 전체 앱 사용자 소비에서 쇼핑 카테고리 비중은 25.4561%이고 금액은 75,189,200원이다.\n- feedback_use: 개인 월간 피드백에서 쇼핑 지출의 절약 우선순위를 정할 때 전체 사용자 카테고리 비중과 비교하는 근거로 사용한다.\n- personal_feedback_use_case: 사용자의 쇼핑 지출 비중이 개인 월간 상위권이거나 전월 대비 증가했을 때, 전체 사용자에게도 큰 공통 지출인지 개인 특이 지출인지 구분한다.\n- caution: 전체 사용자 비중이 높다는 사실만으로 개인 지출을 줄여야 한다고 단정하지 않는다.', '### evidence_card: monthly_2026_03_category_ratio_쇼핑\n- issue_id: monthly_2026_03_category_ratio_쇼핑\n- period_type: monthly\n- period: 2026-03\n- category: 쇼핑\n- keywords: 쇼핑, 카테고리 월간 비중, 절약 우선순위, 전체 사용자 비교\n- metric_name: category_monthly_ratio_percent\n- metric_value: 24.309\n- metric_unit: percent\n- source_table: category_monthly_trends\n- usable_claim: 2026-03 전체 앱 사용자 소비에서 쇼핑 카테고리 비중은 24.309%이고 금액은 71,856,400원이다.\n- feedback_use: 개인 월간 피드백에서 쇼핑 지출의 절약 우선순위를 정할 때 전체 사용자 카테고리 비중과 비교하는 근거로 사용한다.\n- personal_feedback_use_case: 사용자의 쇼핑 지출 비중이 개인 월간 상위권이거나 전월 대비 증가했을 때, 전체 사용자에게도 큰 공통 지출인지 개인 특이 지출인지 구분한다.\n- caution: 전체 사용자 비중이 높다는 사실만으로 개인 지출을 줄여야 한다고 단정하지 않는다.', '### evidence_card: monthly_2026_02_category_ratio_쇼핑\n- issue_id: monthly_2026_02_category_ratio_쇼핑\n- period_type: monthly\n- period: 2026-02\n- category: 쇼핑\n- keywords: 쇼핑, 카테고리 월간 비중, 절약 우선순위, 전체 사용자 비교\n- metric_name: category_monthly_ratio_percent\n- metric_value: 24.4075\n- metric_unit: percent\n- source_table: category_monthly_trends\n- usable_claim: 2026-02 전체 앱 사용자 소비에서 쇼핑 카테고리 비중은 24.4075%이고 금액은 69,873,200원이다.\n- feedback_use: 개인 월간 피드백에서 쇼핑 지출의 절약 우선순위를 정할 때 전체 사용자 카테고리 비중과 비교하는 근거로 사용한다.\n- personal_feedback_use_case: 사용자의 쇼핑 지출 비중이 개인 월간 상위권이거나 전월 대비 증가했을 때, 전체 사용자에게도 큰 공통 지출인지 개인 특이 지출인지 구분한다.\n- caution: 전체 사용자 비중이 높다는 사실만으로 개인 지출을 줄여야 한다고 단정하지 않는다.']","2026년 4월의 쇼핑 카테고리 전체 사용자 월간 소비는 75,189,200원으로, 전월인 3월의 71,856,400원 대비 4.6381% 증가했습니다. 이로 인해 쇼핑 카테고리의 소비 비중은 25.4561%로, 3월의 24.309%에서 증가했습니다. 

따라서, 2026년 4월의 쇼핑 카테고리 소비는 전월 대비 증가세를 보였으며, 전체 사용자 소비에서의 비중도 상승했습니다.","2026-04 전체 앱 사용자 쇼핑 소비는 75,189,200원으로 전월 71,856,400원 대비 4.6381% 증가했다.
2026-03 전체 앱 사용자 쇼핑 소비는 71,856,400원으로 전월 69,873,200원 대비 2.8383% 증가했다.
2026-02 전체 앱 사용자 쇼핑 소비는 69,873,200원으로 전월 69,287,800원 대비 0.8449% 증가했다.",0.9999999999833333,1.0,0.875,0.5009853145133435
catcher_consumption_benchmark,6,[catcher_consumption_benchmark] 쇼핑 카테고리 카드 결제 소비 동향 벤치마크 Catcher 2018년 7~12월 한국인 300만 명 소비 벤치마크 비교 근거,"['# Catcher소비 보고서\n\n작성일: 2026-04-20\n\n지표 기준: docs/indicator.md의 20개 Catcher 소비 지표\n\n사용 데이터: output/catcher_indicator_metrics, output/catcher_characteristic_metrics_chart_sample\n\n- 1. 데이터 범위와 해석 기준\n\n\n보 고 서 내 역 할\n\n데이터 기간 규모\n\n20 개 지 표 의 월 별 전 체 추 이\n\n18, 0, 0 회원월\n\ncatcher_indicator_metrics/visualization/monthly_indicator_summary.csv 2018.07~2018.12\n\n월 별 요 약 에 없 는 카 드 효 율, 상 환 안 정 성, 정 책 후 보, 챌 린 지 성 과 집 계\n\n월 3, 0, 0 회원월\n\ncatcher_indicator_metrics/datasheet/member_month_indicator_metrics.csv 2018.07~2018.12\n\ncatcher_characteristic_metrics_chart_sample 2018.07~2018.08 2, 0 회원 월\n\n카 테', '표본 카테고리 구성에서는 쇼핑이 34.7%로 가장 큽니다. 단순히 쇼핑 금액이 크다는 의미보다, Catcher가 소비를 설명할 때 쇼핑을 하나의 덩어리로 말하면 행동 제안이 흐려진다는 점이 중요합니다. 온라인, 마트, 슈퍼마켓, 편의점은 모두 쇼핑에 속하지만 줄이는 방식이 다릅니다. 온라인은 결제 지연 규칙이 맞고, 편의점은 방문 횟수 제한이 맞으며, 마트·슈퍼마켓은 장보기 계획과 묶어야 합니다.\n\n결제 행동 차트에서는 간편결제, 할부, 금융성사용, 온라인이 모두 8~1%대에 몰려 있습니다. 이 수치는 “소비가 특정 하나의 문제로 설명되지 않는다”는 것 을 보여줍니다. 결제는 쉬워지고, 일부 소비는 할부로 넘어가며, 일부 사용자는 금융성 사용까지 연결됩니다. 따라서 피드백도 하나의 문장으로 끝내기보다 “이번 달 줄일 항목”, “반복 결제 점검”, “다음 달 부담 관리”를 분리해서 보여줘야 합니다.\n\n위험 신호에서는 연체_RV_현금서비스 7.5%, 카드론잔액 7.1%, 현금서비스잔액 4.9%가 눈에 띕니다. 표본 기준이므로 전체 사용자에게 그대로 일반화하면 안 되지만, 위험 신호가 있는 사용자에게는 절약 챌린지보다 부담 완화 메시지가 우선입니다. “커피값 줄이기”보다 “이월·현금서비스·카드론 잔액을 더 키우지 않기”가 먼저입니다.\n\n- 7. 세그먼트별 관찰 회원월당 소비가 큰 Life Stage', '보 고 서 내 역 할 고 리 구 성, 결 제 행 동, 세 그 먼 트 별 해 석 보 강\n\n데이터 기간 규모\n\n해석상catcher_characteristic_metrics_chart_sample주의할 점은 두 가지입니다. 첫째, 월별 지표 CSV의 평균 비율은은 표본회원별차트용비율을데이터이므로평균낸 값이라전체 3총액, 0기준, 0비율과 회원월다를지표의수 있습니다.방향성을 둘째,설명하는 보조 근 거로 사용했습니다.\n\n- 2. 핵심 진단\n\n- 1. 201812 회원월당 소비성 금액은 4.7만 원입니다. 201807 대비 -8.5% 낮아져 전체 소비 규모는 줄었습니다.\n- 2. 소비가 줄었지만 변동비 누수 후보 비율은 87.1%로 6개월 중 가장 높습니다. 줄이기 쉬운 소비가 총소비 안에서 더 큰 비중을 차지합니다.\n- 3. 절약 우선순위는 온라인쇼핑 3.2%, 사교활동 25.0%, 정기결제 16.5% 순입니다. 월간 피드백의 첫 화면은 이 세 항목을 중심으로 잡는 편이 좋습니 다.\n- 4. 정기결제 비율은 201807 19.6%에서 201812 24.3%로 올라왔습니다. 한 번 붙으면 반복되는 고정성 지출이 커지는 흐름입니다.\n- 5. 소비후잔액부담지수는 9.73로 6개월 최고치입니다. 소비 절약 메시지와 별도로 잔액 부담 관리 메시지가 필요합니다.', '- 3. 월별 핵심 지표\n\n\n월 회원월수 소비성 총액 회원월당 소비 누수 비율 정기결제 고정비 온라인 간편결제 잔액부담\n\n- 201807 3, 0, 0 1.46조 원 48.8만 원 80.7% 19.6% 67.9% 8.7% 9.7% 6.51\n- 201808 3, 0, 0 1.41조 원 47.1만 원 80.6% 21.3% 68.7% 9.6% 9.9% 6.16\n- 201809 3, 0, 0 1.38조 원 46.1만 원 78.6% 2.2% 78.4% 9.6% 10.6% 6.87\n- 201810 3, 0, 0 1.37조 원 45.6만 원 79.6% 21.7% 75.8% 9.3% 1.8% 8.41 20181 3, 0, 0 1.35조 원 4.9만 원 78.2% 2.3% 73.3% 9.8% 12.1% 6.92 201812 3, 0, 0 1.34조 원 4.7만 원 87.1% 24.3% 94.0% 10.6% 15.4% 9.73', '절약 우선순위와 급증 카테고리를 같이 보면 온라인쇼핑의 우선순위가 가장 선명합니다. 온라인쇼핑은 절약 우선순위 1순위에서 3.2%를 차지하고, 급증 카 테고리 1순위에서도 29.1%를 차지합니다. 금액이 크고 최근 증가도 뚜렷하기 때문에, 월간 피드백의 첫 번째 절약 타깃으로 두기에 가장 설득력이 높습니다.\n\n정기결제도 비슷하지만 성격은 다릅니다. 급증 카테고리에서는 28.3%로 온라인쇼핑과 거의 비슷하게 높고, 절약 우선순위에서는 16.5%입니다. 이는 정기 결제가 “갑자기 늘어난 항목”으로는 강하게 잡히지만, 사용자가 바로 줄이기 쉬운 항목으로는 온라인쇼핑이나 사교활동보다 뒤에 놓인다는 뜻입니다. 따라서 정기결제 피드백은 “오늘부터 덜 쓰세요”보다 “이번 주에 해지·변경할 항목을 점검하세요”가 더 맞습니다.\n\n- 사교활동은 급증 비중보다 절약 우선순위 비중이 높습니다. 201812 기준 급증 1순위는 1.8%지만 절약 우선순위 1순위는 25.0%입니다. 이는 사교활동이 갑자기 튄 소비라기보다 꾸준히 큰 절약 후보라는 뜻입니다. 사용자에게는 “이번 달만 특이하게 늘었다”보다 “반복되는 약속·모임 예산을 따로 잡자”는 방향 이 적합합니다.\n\n- 6. 카테고리와 결제 행동 보조 분석\n\n\n- 아래 표는 catcher_characteristic_metrics_chart_sample의 2018.07~2018.08 표본 기준입니다. 전체 지표와 기간이 다르므로 크기보\n\n\n- 다 소비 구조 해석에 사용합니다. 카테고리 구성', '이번 보고서에서 가장 중요한 흐름은 단순히 “많이 썼다”가 아닙니다. 2018년 7월부터 12월까지 회원월당 소비성 금액은 48.8만 원에서 4.7만 원으로 내 려갔지만, 변동비 누수 후보 비율과 정기결제 비율, 고정비 비율, 소비후잔액부담지수는 모두 상승했습니다. 즉 전체 소비 규모는 줄었는데, 소비 구조는 더 딱 딱하고 줄이기 어려운 방향으로 이동했습니다.\n\n이 흐름은 Catcher 피드백의 방향을 분명하게 만듭니다. “이번 달 소비가 줄었으니 괜찮다”가 아니라 “총액은 줄었지만 남아 있는 소비가 온라인쇼핑, 정기 결제, 고정비, 잔액 부담 쪽으로 몰리고 있다”라고 설명해야 합니다. 사용자가 바로 줄일 수 있는 행동은 온라인쇼핑과 사교활동에서 찾고, 반복적으로 빠져나 가는 돈은 정기결제와 통신비·보험료·관리비에서 찾아야 합니다.\n\n- 3. 월별 핵심 지표\n\n\n월 회원월수 소비성 총액 회원월당 소비 누수 비율 정기결제 고정비 온라인 간편결제 잔액부담']","Catcher의 2018년 7월부터 12월까지의 소비 데이터를 분석한 결과는 다음과 같습니다:

### 1. 월별 핵심 지표
- **2018년 7월**
  - 회원월수: 3,000,000
  - 소비성 총액: 1.46조 원
  - 회원월당 소비: 48.8만 원
  - 누수 비율: 80.7%
  - 정기결제 비율: 19.6%
  - 고정비 비율: 67.9%
  - 온라인 간편결제 비율: 8.7%
  - 잔액 부담 지수: 6.51

- **2018년 8월**
  - 소비성 총액: 1.41조 원
  - 회원월당 소비: 47.1만 원
  - 누수 비율: 80.6%
  - 정기결제 비율: 21.3%
  - 잔액 부담 지수: 6.16

- **2018년 9월**
  - 소비성 총액: 1.38조 원
  - 회원월당 소비: 46.1만 원
  - 누수 비율: 78.6%
  - 정기결제 비율: 2.2%
  - 잔액 부담 지수: 6.87

- **2018년 10월**
  - 소비성 총액: 1.37조 원
  - 회원월당 소비: 45.6만 원
  - 누수 비율: 79.6%
  - 정기결제 비율: 21.7%
  - 잔액 부담 지수: 8.41

- **2018년 11월**
  - 소비성 총액: 1.35조 원
  - 회원월당 소비: 44.9만 원
  - 누수 비율: 78.2%
  - 정기결제 비율: 2.3%
  - 잔액 부담 지수: 6.92

- **2018년 12월**
  - 소비성 총액: 1.34조 원
  - 회원월당 소비: 44.7만 원
  - 누수 비율: 87.1%
  - 정기결제 비율: 24.3%
  - 잔액 부담 지수: 9.73

### 2. 주요 인사이트
- **소비 감소**: 2018년 7월의 회원월당 소비가 48.8만 원에서 12월에는 44.7만 원으로 감소했습니다. 이는 6개월 동안 약 8.5% 감소한 수치입니다.
- **누수 비율 증가**: 소비가 줄어들었음에도 불구하고 변동비 누수 후보 비율은 87.1%로 증가했습니다. 이는 줄이기 쉬운 소비가 전체 소비에서 더 큰 비중을 차지하고 있음을 나타냅니다.
- **정기결제 비율 증가**: 정기결제 비율은 19.6%에서 24.3%로 증가하여, 반복적으로 발생하는 고정비 지출이 커지는 경향을 보였습니다.
- **잔액 부담 지수**: 잔액 부담 지수는 6.51에서 9.73로 상승하여, 소비 후 잔액에 대한 부담이 증가하고 있음을 나타냅니다.

### 3. 소비 우선순위
- **절약 우선순위**: 온라인 쇼핑(3.2%), 사교활동(25.0%), 정기결제(16.5%)가 주요 절약 우선순위로 나타났습니다. 특히 사교활동은 절약 우선순위에서 가장 높은 비중을 차지하고 있습니다.

이 데이터는 Catcher의 소비 패턴을 이해하고, 소비 절약을 위한 전략을 수립하는 데 중요한 기준이 됩니다.","표본 카테고리 구성에서는 쇼핑이 34.7%로 가장 큽니다. 단순히 쇼핑 금액이 크다는 의미보다, Catcher가 소비를 설명할 때 쇼핑을 하나의 덩어리로 말하면 행동 제안이 흐려진다는 점이 중요합니다.
절약 우선순위와 급증 카테고리를 같이 보면 온라인쇼핑의 우선순위가 가장 선명합니다. 온라인쇼핑은 절약 우선순위 1순위에서 3.2%를 차지하고, 급증 카 테고리 1순위에서도 29.1%를 차지합니다.",0.9999999999833333,1.0,0.9782608695652174,0.4068089080318998
catcher_consumption_benchmark,6,[catcher_consumption_benchmark] 월간 카드 결제 소비 동향 온라인 할부 야간 결제 패턴 Catcher 2018년 7~12월 한국인 300만 명 소비 벤치마크 비교 근거,"['# Catcher소비 보고서\n\n작성일: 2026-04-20\n\n지표 기준: docs/indicator.md의 20개 Catcher 소비 지표\n\n사용 데이터: output/catcher_indicator_metrics, output/catcher_characteristic_metrics_chart_sample\n\n- 1. 데이터 범위와 해석 기준\n\n\n보 고 서 내 역 할\n\n데이터 기간 규모\n\n20 개 지 표 의 월 별 전 체 추 이\n\n18, 0, 0 회원월\n\ncatcher_indicator_metrics/visualization/monthly_indicator_summary.csv 2018.07~2018.12\n\n월 별 요 약 에 없 는 카 드 효 율, 상 환 안 정 성, 정 책 후 보, 챌 린 지 성 과 집 계\n\n월 3, 0, 0 회원월\n\ncatcher_indicator_metrics/datasheet/member_month_indicator_metrics.csv 2018.07~2018.12\n\ncatcher_characteristic_metrics_chart_sample 2018.07~2018.08 2, 0 회원 월\n\n카 테', '- 3. 월별 핵심 지표\n\n\n월 회원월수 소비성 총액 회원월당 소비 누수 비율 정기결제 고정비 온라인 간편결제 잔액부담\n\n- 201807 3, 0, 0 1.46조 원 48.8만 원 80.7% 19.6% 67.9% 8.7% 9.7% 6.51\n- 201808 3, 0, 0 1.41조 원 47.1만 원 80.6% 21.3% 68.7% 9.6% 9.9% 6.16\n- 201809 3, 0, 0 1.38조 원 46.1만 원 78.6% 2.2% 78.4% 9.6% 10.6% 6.87\n- 201810 3, 0, 0 1.37조 원 45.6만 원 79.6% 21.7% 75.8% 9.3% 1.8% 8.41 20181 3, 0, 0 1.35조 원 4.9만 원 78.2% 2.3% 73.3% 9.8% 12.1% 6.92 201812 3, 0, 0 1.34조 원 4.7만 원 87.1% 24.3% 94.0% 10.6% 15.4% 9.73', '보 고 서 내 역 할 고 리 구 성, 결 제 행 동, 세 그 먼 트 별 해 석 보 강\n\n데이터 기간 규모\n\n해석상catcher_characteristic_metrics_chart_sample주의할 점은 두 가지입니다. 첫째, 월별 지표 CSV의 평균 비율은은 표본회원별차트용비율을데이터이므로평균낸 값이라전체 3총액, 0기준, 0비율과 회원월다를지표의수 있습니다.방향성을 둘째,설명하는 보조 근 거로 사용했습니다.\n\n- 2. 핵심 진단\n\n- 1. 201812 회원월당 소비성 금액은 4.7만 원입니다. 201807 대비 -8.5% 낮아져 전체 소비 규모는 줄었습니다.\n- 2. 소비가 줄었지만 변동비 누수 후보 비율은 87.1%로 6개월 중 가장 높습니다. 줄이기 쉬운 소비가 총소비 안에서 더 큰 비중을 차지합니다.\n- 3. 절약 우선순위는 온라인쇼핑 3.2%, 사교활동 25.0%, 정기결제 16.5% 순입니다. 월간 피드백의 첫 화면은 이 세 항목을 중심으로 잡는 편이 좋습니 다.\n- 4. 정기결제 비율은 201807 19.6%에서 201812 24.3%로 올라왔습니다. 한 번 붙으면 반복되는 고정성 지출이 커지는 흐름입니다.\n- 5. 소비후잔액부담지수는 9.73로 6개월 최고치입니다. 소비 절약 메시지와 별도로 잔액 부담 관리 메시지가 필요합니다.', '월별 차트에서 가장 먼저 보이는 것은 소비 총액의 하락입니다. 201807의 회원월당 소비성 금액은 48.8만 원이었고 201812에는 4.7만 원까지 내려갔습 니다. 표면적으로는 좋은 변화입니다. 하지만 같은 기간 변동비 누수 후보 비율은 80.7%에서 87.1%로 6.4%p 상승했습니다. 총액이 줄었는데 누수 비율이 올랐다는 것은, 남아 있는 소비 안에서 줄이기 쉬운 항목의 비중이 더 커졌다는 뜻입니다.\n\n두 번째 흐름은 결제 편의성과 반복 지출의 동시 상승입니다. 온라인 소비 비율은 8.7%에서 10.6%로, 간편결제 비율은 9.7%에서 15.4%로 상승했습니다. 정기결제 비율도 19.6%에서 24.3%로 올라왔습니다. 이 조합은 사용자가 큰 결심을 하고 과소비했다기보다, 결제가 쉬운 채널과 자동으로 빠져나가는 지출 이 소비 구조를 천천히 밀어 올리는 패턴에 가깝습니다.\n\n세 번째 흐름은 잔액 부담입니다. 소비후잔액부담지수는 6.51에서 9.73으로 약 49.6% 상승했습니다. 소비액 자체가 낮아졌는데 잔액 부담이 높아졌다면, 새 소비보다 이전 결제의 잔액, 할부, 금융성 사용, 이월 부담이 다음 달 예산을 압박하고 있을 가능성이 큽니다. 따라서 201812에는 “덜 쓰기”만으로는 충분하 지 않고 “이미 쌓인 부담을 줄이기”가 같이 들어가야 합니다.\n\n- 4. 20개 지표 적용 결과\n\n\n순 위\n\n지표 주요 수치 해석과 행동 제안\n\n- 1 소비성 총액 201812 총 1.34조 원, 회원월당 4.7만 원', '표본 카테고리 구성에서는 쇼핑이 34.7%로 가장 큽니다. 단순히 쇼핑 금액이 크다는 의미보다, Catcher가 소비를 설명할 때 쇼핑을 하나의 덩어리로 말하면 행동 제안이 흐려진다는 점이 중요합니다. 온라인, 마트, 슈퍼마켓, 편의점은 모두 쇼핑에 속하지만 줄이는 방식이 다릅니다. 온라인은 결제 지연 규칙이 맞고, 편의점은 방문 횟수 제한이 맞으며, 마트·슈퍼마켓은 장보기 계획과 묶어야 합니다.\n\n결제 행동 차트에서는 간편결제, 할부, 금융성사용, 온라인이 모두 8~1%대에 몰려 있습니다. 이 수치는 “소비가 특정 하나의 문제로 설명되지 않는다”는 것 을 보여줍니다. 결제는 쉬워지고, 일부 소비는 할부로 넘어가며, 일부 사용자는 금융성 사용까지 연결됩니다. 따라서 피드백도 하나의 문장으로 끝내기보다 “이번 달 줄일 항목”, “반복 결제 점검”, “다음 달 부담 관리”를 분리해서 보여줘야 합니다.\n\n위험 신호에서는 연체_RV_현금서비스 7.5%, 카드론잔액 7.1%, 현금서비스잔액 4.9%가 눈에 띕니다. 표본 기준이므로 전체 사용자에게 그대로 일반화하면 안 되지만, 위험 신호가 있는 사용자에게는 절약 챌린지보다 부담 완화 메시지가 우선입니다. “커피값 줄이기”보다 “이월·현금서비스·카드론 잔액을 더 키우지 않기”가 먼저입니다.\n\n- 7. 세그먼트별 관찰 회원월당 소비가 큰 Life Stage', '이번 보고서에서 가장 중요한 흐름은 단순히 “많이 썼다”가 아닙니다. 2018년 7월부터 12월까지 회원월당 소비성 금액은 48.8만 원에서 4.7만 원으로 내 려갔지만, 변동비 누수 후보 비율과 정기결제 비율, 고정비 비율, 소비후잔액부담지수는 모두 상승했습니다. 즉 전체 소비 규모는 줄었는데, 소비 구조는 더 딱 딱하고 줄이기 어려운 방향으로 이동했습니다.\n\n이 흐름은 Catcher 피드백의 방향을 분명하게 만듭니다. “이번 달 소비가 줄었으니 괜찮다”가 아니라 “총액은 줄었지만 남아 있는 소비가 온라인쇼핑, 정기 결제, 고정비, 잔액 부담 쪽으로 몰리고 있다”라고 설명해야 합니다. 사용자가 바로 줄일 수 있는 행동은 온라인쇼핑과 사교활동에서 찾고, 반복적으로 빠져나 가는 돈은 정기결제와 통신비·보험료·관리비에서 찾아야 합니다.\n\n- 3. 월별 핵심 지표\n\n\n월 회원월수 소비성 총액 회원월당 소비 누수 비율 정기결제 고정비 온라인 간편결제 잔액부담']","Catcher의 2018년 7월부터 12월까지의 소비 데이터를 분석한 결과는 다음과 같습니다:

### 월별 핵심 지표 (2018년 7월 ~ 12월)

| 월     | 회원월수 | 소비성 총액 | 회원월당 소비 | 누수 비율 | 정기결제 비율 | 고정비 비율 | 온라인 비율 | 간편결제 비율 | 잔액부담 |
|--------|----------|--------------|----------------|------------|----------------|--------------|--------------|----------------|----------|
| 2018.07 | 3,000,000 | 1.46조 원   | 48.8만 원      | 80.7%      | 19.6%          | 67.9%        | 8.7%         | 9.7%          | 6.51     |
| 2018.08 | 3,000,000 | 1.41조 원   | 47.1만 원      | 80.6%      | 21.3%          | 68.7%        | 9.6%         | 9.9%          | 6.16     |
| 2018.09 | 3,000,000 | 1.38조 원   | 46.1만 원      | 78.6%      | 2.2%           | 78.4%        | 9.6%         | 10.6%         | 6.87     |
| 2018.10 | 3,000,000 | 1.37조 원   | 45.6만 원      | 79.6%      | 21.7%          | 75.8%        | 9.3%         | 1.8%          | 8.41     |
| 2018.11 | 3,000,000 | 1.35조 원   | 4.9만 원       | 78.2%      | 2.3%           | 73.3%        | 9.8%         | 12.1%         | 6.92     |
| 2018.12 | 3,000,000 | 1.34조 원   | 4.7만 원       | 87.1%      | 24.3%          | 94.0%        | 10.6%        | 15.4%         | 9.73     |

### 주요 인사이트

1. **소비 감소**: 2018년 7월의 회원월당 소비는 48.8만 원에서 12월에는 4.7만 원으로 감소했습니다. 이는 소비 총액이 줄어들었다는 것을 의미합니다.

2. **누수 비율 증가**: 누수 비율은 80.7%에서 87.1%로 증가했습니다. 이는 남아 있는 소비에서 줄이기 쉬운 항목의 비중이 커졌음을 나타냅니다.

3. **정기결제 비율 상승**: 정기결제 비율은 19.6%에서 24.3%로 증가했습니다. 이는 반복적으로 발생하는 고정성 지출이 증가하고 있음을 보여줍니다.

4. **소비 후 잔액 부담 증가**: 잔액부담 지수는 6.51에서 9.73으로 상승했습니다. 이는 소비가 줄어들었음에도 불구하고 이전의 지출로 인한 부담이 커지고 있음을 나타냅니다.

5. **소비 구조 변화**: 전체 소비 규모는 줄어들었지만, 소비 구조는 온라인 쇼핑, 정기 결제, 고정비 등 줄이기 어려운 항목으로 이동하고 있습니다. 이는 소비자에게 더 많은 절약 노력이 필요함을 시사합니다.

이러한 데이터는 소비자들이 어떤 항목에서 절약할 수 있는지를 파악하는 데 중요한 기준이 됩니다.",월별 차트에서 가장 먼저 보이는 것은 소비 총액의 하락입니다. 201807의 회원월당 소비성 금액은 48.8만 원이었고 201812에는 4.7만 원까지 내려갔습 니다.,0.9999999999833333,1.0,1.0,0.375374253048423
