user_input,retrieved_contexts,response,reference,faithfulness,answer_relevancy,context_precision,context_recall,tag
여성청소년 생리용품 비용을 절약하는 법,"['모두의정책K-희망사다리2026 037\n\n# 여성청소년 생리용품 지원\n\n성평등가족부 청소년정책과\n\n02-2100-6242\n\n지원대상 •기초생활수급(생계·의료·주거·교육급여), 법정차상위계층, 한부모가족 지원\n\n대상 가구의 9~24세 여성청소년\n\n핵심내용 •여성청소년 생리용품 바우처 지원(월 1만 4,000원), 국민행복카드로 구매\n\n•9세가 되는 해의 1월 1일부터 24세가 끝나는 해의 12월 31일까지 지원\n\n이용방법 •온라인 신청: 복지로(www.bokjiro.go.kr) 또는 모바일 앱\n\n•방문 신청: 읍·면·동 주민센터 및 행정복지센터\n\n※지원대상 결정 전·후 청소년 본인 또는 신청인(바우처 신청서상의 신청인) 명의의 국민 행복카드를 발급받아야 사용 가능\n\n문의처 •성평등가족부 청소년정책과(☎02-2100-6242)\n\n- •한국사회보장정보원(☎1566-3232)\n- •읍·면·동 주민센터 및 행정복지센터\n\n\n월 지원금\n\n1만4,000원', '###### 068\n\n생애주기별 국민생활 서비스 - 아동·청소년\n\n# 저소득 한부모가족 아동양육비\n\n가족상담전화\n\n1577-4206\n\n###### 지원대상 •아동양육비: 저소득(기준 중위소득 65% 이하) 한부모 가족의 18세 미만* 아동\n\n*단, 고등학교 이하 재학(고3 12월까지) 중인 경우 22세 미만 자녀\n\n- •추가아동양육비\n\n- - 조손가족, 35세 이상 미혼 한부모가족의 5세 이하 아동\n- - 25~34세 이하 한부모가족의 18세 미만 아동\n\n\n- •학용품비: 한부모가족(조손가족 포함)의 초등학생, 중학생 및 고등학생\n- •생활보조금: 한부모가족 복지시설에 입소한 저소득 한부모가족(조손가족 포함)\n\n\n###### 핵심내용\n\n|구분|내용|\n|---|---|\n|아동양육비|저소득(기준 중위소득 65% 이하) 한부모가족의 18세 미만 자녀 1인당 아동양육비(월 23만 원) 지급|\n|추가 아동양육비|•조손가족\t및\t35세\t이상\t미혼\t한부모의\t5세\t이하\t자녀\t1인당\t월\t10만\t원 지급<br>•25~34세 이하 청년 한부모의 18세 미만 자녀 1인당 월 10만 원 지급<br>|\n|학용품비|한부모가족(조손가족 포함)의 초등학생, 중학생 및 고등학생 자녀 1인당 연 10만 원의 학용품비 지급|\n|생활보조금|한부모가족 복지시설에 입소한 저소득 한부모가족(조손가족 포함) 에 대해 가구당 월 10만 원 지급|\n\n\n이용방법 •온라인 신청: 복지로(www.bokjiro.go.kr)\n\n•방문 신청: 주소지 읍·면·동 행정복지센터\n\n문의처 •가족상담전화(☎1577-4206, www.mogef.go.kr)']","여성청소년 생리용품 비용 절약을 위해 기초생활수급, 법정차상위계층, 한부모가족 지원 대상 9~24세 여성청소년은 월 1만 4,000원 바우처를 국민행복카드로 구매할 수 있으며, 복지로(www.bokjiro.go.kr) 또는 읍·면·동 주민센터에서 신청한다.","여성청소년 생리용품 비용 절약을 위해 기초생활수급, 법정차상위계층, 한부모가족 지원 대상 9~24세 여성청소년은 월 1만 4,000원 바우처를 국민행복카드로 구매할 수 있으며, 복지로(www.bokjiro.go.kr) 또는 읍·면·동 주민센터에서 신청한다.",1.0,0.43269717545057174,0.9999999999,1.0,custom
청소년부모의 학업 비용을 절약하는 법,"['따뜻한동행모두가행복한사회-숨은정부지원금찾기 048\n\n# 저소득 청소년부모 아동양육비 지원\n\n가족상담전화\n\n1577-4206\n\n지원대상 •자녀양육과 학업·취업을 병행하고 있는 저소득(기준 중위소득 65% 이하)\n\n청소년부모\n\n※ 부, 모 모두 24세 이하\n\n핵심내용 •자녀 1인당 월 25만 원의 아동양육비 지급\n\n이용방법 •방문 신청: 주소지 읍·면·동 행정복지센터\n\n문의처 •가족상담전화(☎1577-4206) •주소지 읍·면·동 행정복지센터', '###### 068\n\n생애주기별 국민생활 서비스 - 아동·청소년\n\n# 저소득 한부모가족 아동양육비\n\n가족상담전화\n\n1577-4206\n\n###### 지원대상 •아동양육비: 저소득(기준 중위소득 65% 이하) 한부모 가족의 18세 미만* 아동\n\n*단, 고등학교 이하 재학(고3 12월까지) 중인 경우 22세 미만 자녀\n\n- •추가아동양육비\n\n- - 조손가족, 35세 이상 미혼 한부모가족의 5세 이하 아동\n- - 25~34세 이하 한부모가족의 18세 미만 아동\n\n\n- •학용품비: 한부모가족(조손가족 포함)의 초등학생, 중학생 및 고등학생\n- •생활보조금: 한부모가족 복지시설에 입소한 저소득 한부모가족(조손가족 포함)\n\n\n###### 핵심내용\n\n|구분|내용|\n|---|---|\n|아동양육비|저소득(기준 중위소득 65% 이하) 한부모가족의 18세 미만 자녀 1인당 아동양육비(월 23만 원) 지급|\n|추가 아동양육비|•조손가족\t및\t35세\t이상\t미혼\t한부모의\t5세\t이하\t자녀\t1인당\t월\t10만\t원 지급<br>•25~34세 이하 청년 한부모의 18세 미만 자녀 1인당 월 10만 원 지급<br>|\n|학용품비|한부모가족(조손가족 포함)의 초등학생, 중학생 및 고등학생 자녀 1인당 연 10만 원의 학용품비 지급|\n|생활보조금|한부모가족 복지시설에 입소한 저소득 한부모가족(조손가족 포함) 에 대해 가구당 월 10만 원 지급|\n\n\n이용방법 •온라인 신청: 복지로(www.bokjiro.go.kr)\n\n•방문 신청: 주소지 읍·면·동 행정복지센터\n\n문의처 •가족상담전화(☎1577-4206, www.mogef.go.kr)']",저소득 기준 중위소득 65% 이하인 24세 이하 청소년부모는 자녀 1인당 월 25만 원의 아동양육비를 주소지 읍·면·동 행정복지센터 방문 신청으로 지원받아 학업 비용을 절약할 수 있다.,저소득 기준 중위소득 65% 이하인 24세 이하 청소년부모는 자녀 1인당 월 25만 원의 아동양육비를 주소지 읍·면·동 행정복지센터 방문 신청으로 지원받아 학업 비용을 절약할 수 있다.,0.8,0.16522537050030275,0.99999999995,1.0,custom
유치원 학부모의 학비 절약하는 법,"['모두의정책K-희망사다리2026 061\n\n# 3~5세 유치원 학비\n\n0079에듀콜\n\n1544-0079\n\ne-유치원 유아나이스\n\n지원대상 •국·공·사립유치원에 다니는 3~5세 유아\n\n- - 유치원·어린이집의 공통 교육과정인 ‘누리과정’을 제공받는 유아\n- - 보호자의 소득수준과 관계없이 전 계층 지원\n\n\n핵심내용 •유치원\t조기입학을\t희망하는\t1~2월생으로\t3세반에\t취원한\t유아\t포함\n\n- •유아에 대한 지원기간은 3년을 초과할 수 없음\n\n※ 취학유예아에 대해서도 지원기간은 3년을 초과할 수 없음\n\n- •유아학비(유치원) - 보육료(어린이집) - 가정양육수당 간 중복 지급 불가\n- •반드시 보호자의 서비스 이용 신청에 의해서만 효력 발생\n\n\n|구분|교육비(월)|방과후 과정비(월)|\n|---|---|---|\n|국·공립유치원|10만 원|5만 원|\n|사립유치원|28만 원|7만 원|\n\n\n※ 보호자의 신청 누락(이용기관 변경 시 자격신청 누락 포함)으로 발생되는 자부담 비용은 소급지원 불가\n\n이용방법 •온라인 신청: 복지로(www.bokjiro.go.kr)\n\n•방문 신청: 읍·면·동 행정복지센터\n\n문의처 •0079에듀콜(☎1544-0079)\n\n•e-유치원(www.childschool.go.kr) 또는 유아나이스(parents.neis.go.kr)', '생애주기별국민생활서비스-가족·여성 112\n\n# 가정양육수당\n\n교육부 상담센터\n\n02-62226060\n\n지원대상 •어린이집, 유치원(특수학교 포함), 종일제 아이돌봄서비스 등을 이용하지 않는\n\n가정양육 영유아\n\n•신청일 기준 취학 전 86개월 미만 영유아\n\n※ 유치원: 유치원과 동일한 성격의 교과과정 시행 기관 포함\n\n###### 핵심내용 •월령별 월 10~20만 원 가정양육수당 지원\n\n|연령 (개월)|양육 수당|연령 (개월)|농어촌 양육수당|연령 (개월)|장애아동 양육수당|\n|---|---|---|---|---|---|\n|24~86 미만|10만\t원|24~35|15만 6,000원|24~35|20만 원|\n| | |36~47|12만 9,000원|36~86 미만|10만 원|\n| | |48~86 미만|10만 원| | |\n\n\n※ 부모급여 도입에 따라 2022년 이후 출생아는 0~1세 부모급여 지원, 2세부터 가정양육 수당 지원\n\n이용방법 •온라인 신청: 복지로(www.bokjiro.go.kr)\n\n•방문 신청: 읍·면·동 행정복지센터\n\n문의처 •교육부 상담센터(☎02-6222-6060)']","3~5세 유아가 국·공립유치원에 다니면 월 10만 원 교육비와 5만 원 방과후 과정비를 지원받아 학비를 절약할 수 있으며, 온라인 복지로(www.bokjiro.go.kr)나 읍·면·동 행정복지센터에서 신청해야 합니다.","3~5세 유아가 국·공립유치원에 다니면 월 10만 원 교육비와 5만 원 방과후 과정비를 지원받아 학비를 절약할 수 있으며, 온라인 복지로(www.bokjiro.go.kr)나 읍·면·동 행정복지센터에서 신청해야 합니다.",0.75,0.27587839794347896,0.9999999999,1.0,custom
영유아 부모의 건강 검진 비용 절약하는 법,"['###### 063\n\n모두의 정책 K-희망사다리 2026\n\n# 영유아 건강검진 1577-1000\n\n국민건강보험공단\n\n지원대상 •생후 14일부터 71개월까지의 영유아(건강보험가입자 및 의료급여수급권자)\n\n핵심내용 •주기: 영유아 특성을 고려하여 월령에 따라 여덟 차례 검진\n\n|구분|1차|2차|3차|4차|\n|---|---|---|---|---|\n|일반|생후 14~35일|생후 4~6개월|생후 9~12개월|생후 18~24개월|\n|구강|-|-|-|생후 18~29개월|\n\n\n|구분|5차|6차|7차|8차|\n|---|---|---|---|---|\n|일반|생후 30~36개월|생후 42~48개월|생후 54~60개월|생후 66~71개월|\n|구강|생후 30~41개월|생후 42~53개월|생후 54~65개월|-|\n\n\n- •검진항목: 문진, 신체계측, 발달평가, 부모 교육 및 상담, 구강검진\n- •비용: 본인부담 없음(건강보험가입자는 건강보험재정, 의료급여수급권자는 국고 및 지방비로 부담)\n\n\n이용방법 •영유아\t초기(1차)\t검진은\t국민건강보험공단에\t검진\t신청\t후\t수검\t가능\n\n문의처 •국민건강보험공단(☎1577-1000, www.nhis.or.kr)\n\n•The건강보험 모바일 앱', '모두의정책K-희망사다리2026 127\n\n# 부모급여\n\n보건복지상담센터\n\n129\n\n지원대상 •0~1세 아동\n\n핵심내용 •가정양육 시 현금지원, 어린이집 이용 시 보육료 지원, 종일제 아이돌봄 이용\n\n시 종일제 아이돌봄 정부지원금 지원 중 택일\n\n- ※ 부모급여 지원금액이 보육료 지원금액보다 클 경우 현금 차액 추가 지원\n\n- •0세 100만 원, 1세 50만 원 지원\n- •어린이집 이용 시 보육료 이용권(바우처) 지원\n- •종일제\t아이돌봄\t이용\t시\t종일제\t아이돌봄\t이용권(바우처)\t지원\n\n\n- ※ 이용권(바우처) 이용금액이 부모급여 지원금액보다 적은 경우, 차액 현금 지급\n\n\n이용방법 •온라인 신청: 복지로(www.bokjiro.go.kr), 정부24(www.gov.kr)\n\n•방문 및 우편 신청: 읍·면·동 행정복지센터\n\n문의처 •읍·면·동 행정복지센터\n\n•보건복지상담센터(☎129, www.129.go.kr)\n\n###### 더 알고 싶어요\n\n부모급여는? 출산이나 양육으로 인한 소득 감소를 보전하여 가정에서 아이가 함께하는 행복한 시간을 보장하고 양육의 경제적 부담을 덜기 위해 도입한 제도입니다.']",영유아 건강검진은 생후 14일부터 71개월까지 국민건강보험공단에 신청하면 본인부담 없이 무료로 받을 수 있다.,영유아 건강검진은 생후 14일부터 71개월까지 국민건강보험공단에 신청하면 본인부담 없이 무료로 받을 수 있다.,1.0,0.39907463814091065,0.9999999999,1.0,custom
대학생이 학비 절약하는 법,"['생애주기별국민생활서비스-청년·대학생 082\n\n# 국가장학금 지원\n\n한국장학재단\n\n1599-2000\n\n##### (대학생)\n\n###### 지원대상 •대한민국\t국적을\t소지하고\t국내\t대학에\t재학\t중이며,\t학자금\t지원\t9구간\t이하 대학생\t중\t직전\t학기\t성적\t및\t이수학점(100점\t만점에\t80점\t이상(B학점),\t12학점 이수)\t기준을\t충족하는\t경우\n\n※ 기초·차상위는 70점 이상(C학점), 장애학생 성적 및 이수학점 기준 미적용, 자립준비청년 성적 기준 미적용\n\n###### 핵심내용\n\n|구분|대상|연간지원금액|\n|---|---|---|\n|국가장학금 Ⅰ유형 (학생직접지원형)|기초·차상위|등록금 전액|\n| |1~3구간|600만 원|\n| |4~6구간|440만 원|\n| |7~8구간|360만 원|\n| |9구간|100만 원|\n|국가장학금 Ⅱ유형 (대학연계지원형)|대학에서 자체 기준을 마련해 선발·지원(저소득층 등 우선선발 권장)| |\n|다자녀 장학금 (세 자녀 이상)|기초·차상위|등록금 전액|\n| |1~3구간|첫째·둘째 610만 원|\n| |4~6구간|첫째·둘째 505만 원|\n| |7~8구간|첫째·둘째 465만 원|\n| |9구간|첫째·둘째 135만 원 셋째 이상 200만 원|\n\n\n※ 다자녀 8구간 이하 셋째 이상 등록금 전액\n\n이용방법 •온라인 신청: 한국장학재단(www.kosaf.go.kr)\n\n•모바일 앱: 한국장학재단\n\n문의처 •한국장학재단(☎1599-2000)', '###### 생애주기별국민생활서비스-청년·대학생 090\n\n# 주거안정장학금 1599-2000\n\n한국장학재단\n\n지원대상 •대한민국 국적을 소지하고 사업 참여 대학에 재학 중이며, 원거리에 진학한 만 39세 이하 미혼인 기초·차상위 대학생 중 성적 기준(직전 학기 12학점 이상 이수하여 70/100점 이상 획득)을 충족하는 경우\n\n※ 국가 및 지방자치단체에서 지원하는 주거 관련 지원금 수혜자의 경우 중복지원 불가\n\n###### <원거리 진학 인정 기준>\n\n- 학생이 다니는 대학 소재지와 부모의 주민등록상 주소지가 서로 다른 교통권일 경우 원거리로\t인정하며,\t교통권은\t교통\t여건을\t고려하여\t대도시권역,\t시지역,\t군지역으로\t구분\n\n- ① 대도시권역: 대학 소재지가 속한 특별시·광역시 기준, 권역별로 범위 설정\n\n※ \x1a대도시권 광역교통 관리에 관한 특별법\x1a 제2조 제1호 ‘대도시권’ 적용\n\n- ② 시지역: 대학 소재지가 속한 시 기준, 인접한 시까지 원거리 인정 불가\n\n※ ‘인접한 시’는 시의 경계를 맞닿고 있는 경우를 의미함\n\n- ③ 군지역: 대학 소재지가 속한 군 기준, 해당 군지역 범위까지 원거리 인정 불가\n\n\n|구분|범위|\n|---|---|\n|수도권|서울특별시, 인천광역시 및 경기도<br><br>※단, 인천광역시 행정구역 중 옹진군 전체, 강화군 교동면, 삼산면 및 서도면은 제외|\n|부산·울산권|부산광역시, 울산광역시, 경상북도 경주시 및 경상남도 양산시·김해시· 창원시·거제시·밀양시|\n|대구권|대구광역시, 경상북도 구미시·경산시·영천시·청도군·고령군·성주군· 칠곡군·의성군·청송군 및 경상남도 창녕군|\n|광주권|광주광역시 및 전라남도 나주시·담양군·화순군·함평군·장성군|\n|대전권|대전광역시, 세종특별자치시, 충청남도 공주시·논산시·계룡시·금산군 및 충청북도 청주시·보은군·옥천군|\n|전주권|전라북도 전주시·김제시·익산시·군산시·완주군|\n\n\n- 단, 원거리 인정 기준에 해당하지 않더라도 사실상 통학이 불가능한 사유가 있는 경우 (교량 또는 터널 등이\t미설치되어\t차량\t통행이\t불가한\t도서지역에\t부모\t거주 등) 대학· 재단의 확인 절차를 거쳐 주거안정장학금 지급 가능']","대학생은 한국장학재단에서 1~9구간에 따라 최대 600만 원까지 국가장학금 Ⅰ유형을 지원받아 학비를 절약할 수 있으며, 온라인(www.kosaf.go.kr)이나 모바일 앱으로 신청한다.","대학생은 한국장학재단에서 1~9구간에 따라 최대 600만 원까지 국가장학금 Ⅰ유형을 지원받아 학비를 절약할 수 있으며, 온라인(www.kosaf.go.kr)이나 모바일 앱으로 신청한다.",0.5,0.24918924446592214,0.9999999999,1.0,custom
임산부가 병원 비용 절약하는 법,"['생애주기별국민생활서비스-가족·여성 124\n\n# 건강보험 임신·출산 진료비 지원\n\n국민건강보험공단\n\n1577-1000\n\n지원대상 •임신·출산(유산·사산 포함)한 건강보험 가입자 또는 피부양자 중 임신·출산\n\n진료비 지원 신청자\n\n핵심내용 •임산부, 2세 미만 영유아의 진료비 및 약제·치료 재료 구입에 사용할 수 있는\n\n이용권(국민행복카드) 제공\n\n- •임신 1회당 100만 원 이용권(태아 1명당 100만 원: 2태아 200만 원, 3태아 300만 원 등). 분만취약지 거주 시, 20만 원 추가 지원\n- •사용 기간은 카드 수령일(카드 기 발급자의 경우 포인트 생성일)~분만예정일 (또는 출산일)부터 2년\n\n\n이용방법 •온라인 신청: 공단·정부24 누리집, 공단·카드사(은행) 모바일\t앱,\t전화(산부\n\n인과에서 임신·출산정보 전산등록 후)\n\n•방문 신청: 국민건강보험공단 지사, 카드사(은행), 행정복지센터, 보건소 (산부인과에서\t건강보험\t임신·출산\t진료비\t지급신청서에\t전문의처의\t임신·출산 사실\t확인)\n\n문의처 •국민건강보험공단(☎1577-1000)\n\n- •보건복지상담센터(☎129)\n- •BC카드(☎1899-4651), 삼성카드(☎1566-3336), 롯데카드(☎1899-4282), KB국민카드(☎1599-7900), 신한카드(☎1544-8868) 등', '# 맘편한 임신 원스톱 서비스\n\n정부24\n\n1588-2188\n\n지원대상 •신청일 기준 임산부\n\n핵심내용 •임신 후 받을 수 있는 각종 임신지원 서비스를 한 번에 안내받고 통합 신청하는\n\n서비스\n\n- •전국 공통 서비스\n- •지자체 서비스\n\n※ 지방자치단체별로 제공 내역이 다르므로 관할 읍·면·동 행정복지센터에 확인\n\n- •서비스별 처리 기관에서 문자 또는 유선으로 개별 안내 및 서비스 제공\n\n\n|구분|서비스|\n|---|---|\n|일반서비스|엽산제 지원, 철분제 지원, 임신·출산 진료비 지원(국민행복 카드), 청소년 산모 임신·출산 의료비 지원, 표준모자보건수첩 배부, 맘편한 KTX(일반 → 특실 업그레이드), SRT 임신부 할인 (SRT-Pink)|\n|소득요건에 따른 서비스|의료급여 수급자 임신·출산 진료비 지원, 에너지 바우처(의료· 생계급여), 산모·신생아 건강관리지원|\n\n\n|구분|서비스|\n|---|---|\n|현금·바우처|임신·출산진료비, 출산준비금, 검진비 지원 및 주차료 감면 등|\n|현물|신생아용품, 비타민 등 영양제, 튼살크림, 임산부 주차증 등|\n|서비스|기형아·초음파·막달 검사, 건강검진, 가사도우미, 부부출산준비 교실 등|\n\n\n- ※ 택배 신청 시 엽산·철분제는 건강기능식품 제공, 택배요금은 임산부 부담\n- ※ 에너지바우처, 산모·신생아 건강관리 지원 신청 시 해당 구비서류가 추가로 필요함\n\n\n이용방법 •온라인 신청: 정부24(plus.gov.kr)\n\n•방문 신청: 임산부 주소지 읍·면·동 행정복지센터 또는 보건소\n\n문의처 •정부24(☎1588-2188), 정부민원안내(☎110), 행정안전부(☎02-2100-\n\n3399)']","임산부는 국민건강보험공단에서 임신 1회당 100만 원(다태아는 태아 1명당 100만 원씩 추가, 분만취약지 거주 시 20만 원 추가)의 임신·출산 진료비 지원 이용권(국민행복카드)을 신청하여 병원 비용을 절약할 수 있으며, 온라인(공단·정부24 누리집 등) 또는 방문 신청이 가능하다.","임산부는 국민건강보험공단에서 임신 1회당 100만 원(다태아는 태아 1명당 100만 원씩 추가, 분만취약지 거주 시 20만 원 추가)의 임신·출산 진료비 지원 이용권(국민행복카드)을 신청하여 병원 비용을 절약할 수 있으며, 온라인(공단·정부24 누리집 등) 또는 방문 신청이 가능하다.",1.0,0.34553888135548894,0.99999999995,1.0,custom
의료비 절약하는 법,"['분야별서비스-취약계층 142\n\n# 재난적 의료비 지원사업 1577-1000\n\n국민건강보험공단\n\n지원대상 •기준 중위소득 100% 이하 가구 중심\n\n- -의료비: 본인부담 의료비가 가구 연소득 10% 초과 시\n\n※ 기초수급자·차상위 80만 원, 중위소득 50% 이하 160만 원, 기준 중위소득 100~200% 연소득 20% 초과 시\n\n- - 재산: 7억 원 이하\n\n\n핵심내용 •최대 5,000만 원 한도 내에서 비급여 및 본인부담상한제 적용 제외 급여 중\n\n본인부담 의료비의 50~80%\n\n※ 기초수급자·차상위: 80%, 중위소득 50% 이하: 70%, 중위소득 50~100%: 60%, 중위 소득 100~200%: 50%\n\n###### •지원기준\t미충족\t시,\t부담능력\t대비\t과도한\t의료비\t발생\t시\t지원받을\t수\t있도록 개별\t심사제도를\t통해\t탄력\t지원\n\n※ 기준 중위소득 100% 초과 200% 이하, 고액 외래진료비 등\n\n###### 이용방법 •방문 신청: 국민건강보험공단 전국 지사\n\n※ 퇴원 후 180일 이내 신청\n\n문의처 •국민건강보험공단(☎1577-1000)\n\n재난적 의료비 연간 최대\n\n5,000만원', '모두의정책K-희망사다리2026 241\n\n# 암환자 의료비 지원 129\n\n보건복지상담센터\n\n지원대상 •소아 암환자, 성인 암환자\n\n###### 핵심내용\n\n|구분|소아 암환자|성인 암환자| |\n|---|---|---|---|\n| | |의료급여 수급자|차상위 본인 부담 경감대상자|\n|선정 기준|의료급여\t수급자,\t차상위\t본인부담\t경감대상 자의 경우 당연 선정, 건강보험가입자 중 소득·재산조사 결과에 따라 추가 선정|의료급여 수급자, 차상위\t본인부담\t경감대상자의 경우 당연 선정| |\n|지원 암종|전체 암종|전체 암종| |\n|지원 기간|최대 18세까지 연속|최대 3년간 연속| |\n|지원금액|•백혈병: 3,000만 원<br>•백혈병\t이외:\t2,000만\t원(조혈모세포\t이식 시 3,000만 원)<br>•급여·비급여 구분 없음<br>|연간 최대 300만 원 급여·비급여 구분 없음| |\n\n\n※ 유의사항: 타 국가지원과 중복수급하는 경우 환수될 수 있으므로 보건소 담당자를 통한 대상자 여부 확인 필요\n\n이용방법 •방문 신청: 암환자 주소지 관할 보건소\n\n문의처 •주소지 관할 보건소\n\n•보건복지상담센터(☎129)']","의료비 절약을 위해 기준 중위소득 100% 이하 가구는 본인부담 의료비가 가구 연소득 10%를 초과할 경우 최대 5,000만 원 한도 내에서 본인부담 의료비의 50~80%를 지원받을 수 있으며, 국민건강보험공단 전국 지사에 방문 신청하면 된다.","의료비 절약을 위해 기준 중위소득 100% 이하 가구는 본인부담 의료비가 가구 연소득 10%를 초과할 경우 최대 5,000만 원 한도 내에서 본인부담 의료비의 50~80%를 지원받을 수 있으며, 국민건강보험공단 전국 지사에 방문 신청하면 된다.",1.0,0.2165738045526654,0.9999999999,1.0,custom
여가비 절약법,"['모두의정책K-희망사다리2026 151\n\n# 모두의 카드\n\n국토교통부 광역교통경제과\n\n044-201-5084\n\n##### K-패스\n\n지원대상 •대중교통을 이용하는 모든 국민(만 19세 이상) 핵심내용 •월 15회 이상 정기적으로 시내버스와 지하철과 같은 대중교통을 이용할 경우 지출금액의 일정 부분을 다음 달에 환급받을 수 있는 제도\n\n- •기본형(기존 K-패스) 대중교통비 지출금액의 일정 비율 환급(정률형)*\n\n*일반 국민 20%, 청년·다자녀(2자녀)·어르신 30%, 다자녀(3자녀 이상) 50%, 저소득층 53.3%\n\n※ 어르신 유형을 신설하여 기본형(K-패스) 환급률 30%로 혜택 확대\n\n- •2026년부터 모두의 카드(정액형 환급방식)를 도입하여 환급 기준금액을 초과하여 지출한 대중교통비 환급\n\n\n|구분|일반 국민| |청년·2자녀·어르신| |3자녀 이상·저소득| |\n|---|---|---|---|---|---|---|\n| |일반형|플러스형|일반형|플러스형|일반형|플러스형|\n|수도권|6만 2,000원|10만 원|5만 5,000원|9만 원|4만 5,000원|8만 원|\n|일반 지방권|5만 5,000원|9만 5,000원|5만 원|8만 5,000원|4만 원|7만 5,000원|\n|우대 지원지역|5만 원|9만 원|4만 5,000원|8만 원|3만 5,000원|7만 원|\n|특별 지원지역|4만 5,000원|8만 5,000원|4만 원|7만 5,000원|3만 원|6만 5,000원|\n\n\n|일반형 1회 총 이용금액(환승 포함) 3,000원 미만인 대중교통수단 플러스형 1회 총 이용금액(환승 포함) 3,000원 이상인 대중교통수단까지 포함|\n|---|\n\n\n- ※ 가입 첫 달은 15회 미만 이용 시에도 지급\n- ※ 이용 횟수 기준: 30분 이내 승하차 시 이용 횟수 1회로 취급\n\n\n이용방법 •모바일\t앱\t또는\t카드사\t누리집에서\t원하는\t교통카드\t상품을\t골라\t이용 문의처 •국토교통부 광역교통경제과(☎044-201-5084)', '분야별서비스-문화 234\n\n# 통합문화이용권 고객지원센터\n\n문화누리카드\n\n1544-3412\n\n##### (문화누리카드)\n\n지원대상 •6세 이상(2020년 12월 31일 이전 출생자)의 기초생활수급자 및 차상위 계층\n\n핵심내용 •문화예술, 관광, 체육 분야에 사용 가능한 문화누리카드 발급\n\n|분야|주요항목|\n|---|---|\n|문화예술|도서, 음반, 영화, 공연, 전시, 공예, 사진관, 문화체험 등|\n|국내관광|교통수단(철도, 시외/고속버스, 항공사, 여객선, 렌터카 등), 여행사, 관광명소, 휴양림/캠핑장, 동·식물원, 온천, 테마파크, 놀이공원 등|\n|체육|스포츠관람, 운동용품, 체육시설|\n\n\n- ※ 문화누리카드 가맹점 현장 결제 및 문화누리카드 누리집(www.mnuri.kr)의 ‘온라인 가맹점’ 이용\n- ※ 문화누리카드와 스포츠강좌이용권은 중복 발급 가능\n\n\n###### •지원금액: 1인당 연간 15만 원(생애주기별 1만 원 추가지원*)\n\n*추가지원 대상: 청소년기(2008~2013년생), 준고령기(1962~1966년생)\n\n###### 이용방법\n\n|읍·면·동 행정복지센터|본인 또는 대리인|신규발급/ 재발급/재충전|\n|---|---|---|\n|온라인 누리집, 모바일 앱|14세 이상, 본인인증수단 소지자|신규발급/ 재발급/재충전|\n| |14세 미만: 본인 및 세대주 또는 세대원(성인) 인증 수단 소지자|신규발급/ 재발급|\n|전화 ARS (1544-3412)|14세 이상, 유효기간 2026년 이후 카드와 본인 인증 수단 소지자|재충전|']","여가비 절약법으로는 문화누리카드를 통해 기초생활수급자 및 차상위 계층이 연간 15만 원을 지원받아 문화예술, 국내관광, 체육 분야에 사용할 수 있다.","여가비 절약법으로는 문화누리카드를 통해 기초생활수급자 및 차상위 계층이 연간 15만 원을 지원받아 문화예술, 국내관광, 체육 분야에 사용할 수 있다.",1.0,0.3772654798301179,0.49999999995,1.0,custom
교육비 절약법,"['모두의정책K-희망사다리2026 061\n\n# 3~5세 유치원 학비\n\n0079에듀콜\n\n1544-0079\n\ne-유치원 유아나이스\n\n지원대상 •국·공·사립유치원에 다니는 3~5세 유아\n\n- - 유치원·어린이집의 공통 교육과정인 ‘누리과정’을 제공받는 유아\n- - 보호자의 소득수준과 관계없이 전 계층 지원\n\n\n핵심내용 •유치원\t조기입학을\t희망하는\t1~2월생으로\t3세반에\t취원한\t유아\t포함\n\n- •유아에 대한 지원기간은 3년을 초과할 수 없음\n\n※ 취학유예아에 대해서도 지원기간은 3년을 초과할 수 없음\n\n- •유아학비(유치원) - 보육료(어린이집) - 가정양육수당 간 중복 지급 불가\n- •반드시 보호자의 서비스 이용 신청에 의해서만 효력 발생\n\n\n|구분|교육비(월)|방과후 과정비(월)|\n|---|---|---|\n|국·공립유치원|10만 원|5만 원|\n|사립유치원|28만 원|7만 원|\n\n\n※ 보호자의 신청 누락(이용기관 변경 시 자격신청 누락 포함)으로 발생되는 자부담 비용은 소급지원 불가\n\n이용방법 •온라인 신청: 복지로(www.bokjiro.go.kr)\n\n•방문 신청: 읍·면·동 행정복지센터\n\n문의처 •0079에듀콜(☎1544-0079)\n\n•e-유치원(www.childschool.go.kr) 또는 유아나이스(parents.neis.go.kr)', '분야별서비스-고용·취업·창업 168\n\n# 교육급여\n\n보건복지상담센터\n\n129\n\n지원대상 •소득인정액 기준 중위소득 50% 이하 가구 초·중·고 재학생\n\n|구분|1인 가구|2인 가구|3인 가구|\n|---|---|---|---|\n|금액|128만 2,119원|209만 9,646원|267만 9,518원|\n|구분|4인 가구|5인 가구|6인 가구|\n|금액|324만 7,369원|377만 8,360원|427만 7,976원|\n\n\n핵심내용 •교육활동 지원비(연 1회)\n\n|지원항목|학교급|지원금액|\n|---|---|---|\n|교육활동 지원비|초|50만 2,000원|\n| |중|69만 9,000원|\n| |고|86만 원|\n\n\n- •교과서 대금: 정규 교과목 교과서 금액 전체\n- •입학금 및 수업료: 학교장이 고지한 금액 전부\n\n\n※ 고교무상교육 미실시 학교 재학 시 지급\n\n이용방법 •학부모가 읍·면·동 행정복지센터 방문 또는 온라인 신청\n\n문의처 •보건복지상담센터(☎129)\n\n- •교육비 중앙상담센터(☎1544-9654)\n- •읍·면·동 행정복지센터\n- •학교·교육청']","교육비 절약법으로는 3~5세 유아가 국·공·사립유치원에 다닐 경우 월 10만 원(국·공립) 또는 28만 원(사립)의 유아학비 지원을 받을 수 있고, 초·중·고 재학생 중 중위소득 50% 이하 가구는 연 1회 초 50만 2,000원, 중 69만 9,000원, 고 86만 원의 교육활동 지원비를 받을 수 있다.","교육비 절약법으로는 3~5세 유아가 국·공·사립유치원에 다닐 경우 월 10만 원(국·공립) 또는 28만 원(사립)의 유아학비 지원을 받을 수 있고, 초·중·고 재학생 중 중위소득 50% 이하 가구는 연 1회 초 50만 2,000원, 중 69만 9,000원, 고 86만 원의 교육활동 지원비를 받을 수 있다.",1.0,0.35052707162614843,0.99999999995,1.0,custom
